Page,Item,Title,Date
1,1,강원 최대 210㎜ 폭우…고립되고 무너지고 피해 속출,2024/09/21
1,2,가을 폭우에 침수·나무 쓰러짐 피해… 빗길 교통사고도 잇따라,2024/09/20
1,3,[속보] 강원 호우특보 발효… 비 피해 속출,2024/09/20
1,4,요란한 가을비…호우특보 발령된 강원 피해 속출,2024/09/20
1,5,“가을손님 맞는다”…볼거리·놀거리 늘린 홍천,2024/09/20
1,6,"홍천군, 올해 출산한 산모에 산후조리 비용 지원",2024/09/20
1,7,"홍천군, ‘아이 먼저’ 교통안전 캠페인 실시",2024/09/20
1,8,홍천 주민을 위한 판소리 한마당 “얼쑤” 21일 열려,2024/09/20
1,9,"홍천군, 산후조리 비용 지원",2024/09/20
1,10,"홍천군, 군민을 위한 ‘한국 전통 판소리 대공연’ 개최",2024/09/20
2,1,"홍천군, 귀농·귀촌인 지역민과 함께하는 나눔 한마당",2024/09/20
2,2,"홍천군 청년창업지원센터, 청년의 날 ‘청년창업 공유마당’ 개최",2024/09/20
2,3,"""이러다 반도체 시설 못 돌리겠네""...전력 인프라 깔기 어려운 까닭은",2024/09/20
2,4,[뉴스 플러스+] 11년 표류 끝 본궤도 안착… 갈등 봉합·탄탄한 전략 관건,2024/09/20
2,5,홍천 영귀미면 '홍천 숲속 놀이공원' 명칭 확정,2024/09/20
2,6,[피플&피플] 강원도사회공헌장 받은 평창한우마을 영농조합법인,2024/09/19
2,7,[동정] 황영래 한국음악협회 홍천군지부장,2024/09/19
2,8,"삼척시, 강원특별자치도 성인문해교육 시화전 잇따라 수상",2024/09/19
2,9,[피플&피플] 강원도사회공헌장 받은 평창한우마을 영농조합법인,2024/09/19
2,10,[포토뉴스] 홍천군수와 군민의 소통의 날,2024/09/19
3,1,"홍천군, ‘군수와 군민과의 소통의 날’ 운영",2024/09/19
3,2,"홍천교육지원청, 2024년 명절맞이 청렴다짐 트레킹",2024/09/19
3,3,항체클러스터 도시 홍천 … 바이오 꿈나무 키운다,2024/09/19
3,4,"홍천군, 제2회 전국 국악동아리 경연대회 접수",2024/09/19
3,5,강원 성인문해교육 시화전 대상에 삼척 김분남씨,2024/09/19
3,6,"삼척, 성인문해교육 잇따라 수상",2024/09/19
3,7,홍천군 2024년 주민 참여예산 반영 사업 모니터링 진행,2024/09/19
3,8,"홍천군보건소 치매안심센터, 2024년 치매극복선도단체 지정 현판식 진행",2024/09/19
3,9,"홍천군, 2024년 주민 참여예산 반영 사업 모니터링",2024/09/19
3,10,"삼척시, 2024년 강원자치도 성인문해교육 시화전 잇따라 수상!",2024/09/19
4,1,"""홍천 교통·문화 개선 청소년 살기 좋은 도시로""",2024/09/19
4,2,쌀 대신 메밀 심고 관광객 유치 … 홍천 마을의 첫 도전 ‘대박’,2024/09/19
4,3,역주행 차량에 일가족 참변…추석 연휴 사건사고 ‘얼룩’,2024/09/18
4,4,[동정] 심영주 홍천농협조합장,2024/09/18
4,5,벌쏘임·화재·수난사고 잇따라… 사건사고 얼룩진 추석연휴,2024/09/18
4,6,[알립니다]남궁억 선생 애국혼 계승합니다 - 제8회 한서대상 수상자 공모,2024/09/18
4,7,[포토뉴스] 한수원 홍천양수건설소 홍천 쌀 구매 및 기부,2024/09/18
4,8,"홍천군, 19일까지 주민참여예산 온라인 주민투표",2024/09/18
4,9,제2의 ‘페이커’ 모여라…홍천서 아마추어 e스포츠 대회,2024/09/18
4,10,밤새 강원서 교통사고 잇따라…11명 중경상,2024/09/18
5,1,추석까지 푹푹 찌는 '역대급 무더위'…전국 곳곳 폭염경보 발효,2024/09/17
5,2,"""추석 귀경길 서두르지 마세요""…백일홍‧전통놀이 등 지역 축제 눈길",2024/09/17
5,3,[포토뉴스] 홍천군 “추석 때 전통시장 많이 찾아주세요”,2024/09/14
5,4,[포토뉴스] 홍천군노인복지관 ‘추석애(愛) 함께해윷’ 개최,2024/09/14
5,5,"""따뜻한 추석 보내세요"" 홍천서 추석맞이 행사 잇따라",2024/09/14
5,6,[포토뉴스] 한수원 홍천양수건설소 홍천 쌀 구매 및 기부,2024/09/13
5,7,"파크골프 동호인들 뭉친 축제의 장…""실력 발휘 못했다"" 곳곳 아쉬움도",2024/09/13
5,8,[부고] 김찬영(지역신문발전위원장)씨 부친상,2024/09/13
5,9,"홍천소방서, 추석 연휴 ‘산악사고 주의’ 당부",2024/09/13
5,10,"홍천군 팔봉산관광지, 추석 ‘시설 사용료 무료’ 운영",2024/09/13
6,1,홍천군 2025년 주민참여예산 반영사업 주민투표 실시,2024/09/13
6,2,"홍천군, 별빛나루도서관 <김윤 작가와의 만남> 강연",2024/09/13
6,3,"홍천군, 2024 홍천 e스포츠 페스티벌 참가자 모집",2024/09/13
6,4,"홍천군, 추석맞이 전통시장 장보기 행사",2024/09/13
6,5,"홍천군, 풍요로운 추석 ‘홍천 메밀꽃 축제’ 개막!",2024/09/13
6,6,"홍천군, 2025년 주민참여예산 반영사업 주민투표 실시",2024/09/13
6,7,"홍천군, 홍천읍 희망리 공영주차장 지하1층·지상1층 신축",2024/09/13
6,8,"홍천군, 진리·희망리 일원 도시재생사업 주민설명회",2024/09/13
6,9,"홍천군, 신장대리 ‘주민들이 직접 도심정원’ 만든다",2024/09/13
6,10,홍천 동키마을 메밀꽃 축제 13일 개막한다,2024/09/13
7,1,"평창백일홍축제·홍천 메밀꽃축제, 오늘 개막",2024/09/13
7,2,"연휴 응급실 지키는 의료진 ""할 일 할 뿐""",2024/09/13
7,3,“춘천·홍천 추진 ‘AI 기반 신약개발’ 글로벌 대세 된다”,2024/09/13
7,4,공직선거법상 선거운동 금지에도 특정후보 선거유세한 60대 벌금형,2024/09/13
7,5,“교통량 급증하는 추석 연휴 사고 주의하세요”,2024/09/12
7,6,"신영재 홍천군수, 추석 명절 맞아 장애인·노인시설에 위문금 전달",2024/09/12
7,7,[포토뉴스]도노인회 경로당광역지원센터 홍천편 실버스파크쇼 진행,2024/09/12
7,8,트랙터 마차타고 메밀밭 투어 … 홍천서 메밀꽃 축제,2024/09/12
7,9,"신영재 홍천군수, 추석 맞이 사회복지시설 위문",2024/09/12
7,10,[포토뉴스] 양양 농축협 임직원 홍천에 고항사랑기부금 기탁,2024/09/12
8,1,"홍천군, 재해위험지역 정비 예산 161억원 확보",2024/09/12
8,2,"홍천군, 2024 농촌 지도 사업 자체 평가회 개최",2024/09/12
8,3,2024 홍천목재정원박람회 오는 23일부터 홍천읍 신장대리서 개최,2024/09/12
8,4,"홍천군, 새로운 홍천 추진위원회 정책 세미나 개최",2024/09/12
8,5,"홍천군, 자살 예방의 날 기념행사 개최",2024/09/12
8,6,"홍천군, 고객 만족 행정 구현 인허가 대행업체 간담회 개최",2024/09/12
8,7,"홍천군, 2025년 재해위험지역 정비사업 ‘국도 비 총 161억 원’ 확보",2024/09/12
8,8,"“댕냥이도 안 챙기면 섭섭해요”…영양제부터 입욕제까지 한가위 선물, 나보다 낫네",2024/09/12
8,9,강원 밤사이 교통사고 잇따라…5명 부상,2024/09/12
8,10,강원 7080 문해학습자 한자리…갈고 닦은 실력 뽐냈다,2024/09/12
9,1,"김진태 지사, 추석 명절 앞두고 제11기동사단 방문",2024/09/12
9,2,홍천 농촌활력촉진지구 개발 후보지 면적 ‘영귀미면’ 최대,2024/09/12
9,3,“유명 정치인과 친하다”…식사비·인사비 가로챈 70대 벌금형,2024/09/12
9,4,강원 홍천 호우주의보…강릉은 호우주의보 해제,2024/09/11
9,5,홍천 중앙고속도로서 탑차가 트럭 추돌…40대 부상,2024/09/11
9,6,"도장애인체육회, 2024 보치아 어울림대회 개최",2024/09/11
9,7,삼척에 호우주의보 발효… 원주 등 3곳 폭염주의보 유지,2024/09/11
9,8,홍천 중앙고속도로서 탑차가 트럭 추돌…40대 부상,2024/09/11
9,9,"김진태 지사, 추석 명절 홍천 전통시장과 11사단 찾아 위문",2024/09/11
9,10,"김진태 지사, 추석 명절 맞아 11사단 방문 격려",2024/09/11
10,1,"김진태 지사 ""어르신 여러분! 스마트경로당 참 좋죠?""",2024/09/11
10,2,횡성·강릉 등 강원 12곳 폭염주의보 해제,2024/09/11
10,3,"김진태 지사, 추석 앞두고 제11사단 군부대 위문",2024/09/11
10,4,"홍천군 “추석 연휴 문 여는 병·의원, 약국 확인하세요”",2024/09/11
10,5,"김진태 강원지사, 2024강원문해자랑 대잔치 참가 어르신 격려",2024/09/11
10,6,"김진태 지사, 추석 명절 맞아 11사단 방문 격려",2024/09/11
10,7,"횡성군, 제5925부대와 상호협력 지원 업무협약 체결",2024/09/11
10,8,"신영재 홍천군수, 노인 일자리 사업 및 사회활동 지원사업 문화활동 참석",2024/09/11
10,9,"홍천군, 새로운 방식의 조사료 생산장비 도입",2024/09/11
10,10,"홍천군, 2024 홍천목재정원박람회 개최",2024/09/11
11,1,강원특별자치도 자연환경연구공원 ‘가을 단풍길 걷기행사’ 개최,2024/09/11
11,2,김진태 지사 “새로운 인생의 시작을 축하드린다”,2024/09/11
11,3,"강원자연환경연구공원, 가을 단풍길 걷기 행사",2024/09/11
11,4,2024년 강원 문해자랑 대잔치 '청춘만개' 홍천서 개최,2024/09/11
11,5,홍천읍내 낡은 도시계획도로 18억 들여 새단장,2024/09/11
11,6,[포토뉴스] 홍천군 3분기 안전보건교육,2024/09/11
11,7,[포토뉴스] 홍천 2024년 청년 리더 교육 개강식,2024/09/11
11,8,홍천읍 시가지 인도 정비·아스콘 포장 등 도로환경 개선사업 추진,2024/09/11
11,9,"홍천군, 2024년 청년 리더 교육 실시",2024/09/11
11,10,"홍천군, 홍천읍 시가지 도로 환경 개선 ‘주민 안전 복지 향상’",2024/09/11
12,1,"홍천군, 추석 연휴 종합대책 추진",2024/09/11
12,2,"홍천농협, 홍천강 수라쌀 소비촉진 캠페인·고향사랑 기부제 홍보",2024/09/11
12,3,홍천 지역사회 힘모아 어려운 이웃 귀향 도와,2024/09/11
12,4,홍천휴게소→홍천찰옥수수 휴게소 명칭 변경 추진,2024/09/11
12,5,[동정] 이형주 홍천군노인회장,2024/09/10
12,6,"병원 전전하던 60대 기초수급자, 고향 홍천이 품었다",2024/09/10
12,7,제29회 강원특별자치도 사물놀이경연대회 개막 [자막뉴스],2024/09/10
12,8,[포토뉴스] 홍천군 제10회 남면 면민의 날 한마당 큰잔치 개최,2024/09/10
12,9,"김진태 지사, 스마트 경로당 1호점 찾아 어르신과 간담회",2024/09/10
12,10,"소노인터내셔널, 추석 맞이 리조트 내 다채로운 프로그램 선보여",2024/09/10
13,1,"홍천군, 2024년 노인건강 진단실시",2024/09/10
13,2,"홍천군, 추석 대비 ‘전통시장 안전·보건 분야’ 합동 점검",2024/09/10
13,3,"김진태 지사 “스마트 경로당, 지속적으로 확대”",2024/09/10
13,4,"홍천군, 제29회 강원자치도 사물놀이 행사 개최",2024/09/10
13,5,양구군청 펜싱·역도·테니스 실업팀 성적 쑥쑥,2024/09/10
13,6,“요즘 기분 어때요?” 홍천서 11일 자살예방 행사 열려,2024/09/10
13,7,"홍천군·사단법인 '이웃', 복지사각지대 장기입원자 고향서 새 삶 '선물'",2024/09/10
13,8,"홍천군, 복지 사각지대에 놓인 이웃 적극 발굴",2024/09/10
13,9,"대한노인회 홍천군지회, 노인 일자리 사업 및 사회활동 지원사업 문화 활동",2024/09/10
13,10,"홍천군, 자살 예방의 날 기념 ‘요즘 기분 어때요?’ 운영",2024/09/10
14,1,"""정부발행 상품권 하나로마트 사용 제한 개선 필요""",2024/09/10
14,2,강릉 공장 작업자 2명 추락사고…원주·홍천서 차량 화재,2024/09/10
14,3,[언중언]악성 민원인,2024/09/10
14,4,강릉 공장서 천장 작업중이던 근로자 3~4m 아래로 추락… 2명 병원 이송,2024/09/09
14,5,강원 정선·북부산지에 폭염주의보 발효…춘천 등 5곳 유지,2024/09/09
14,6,[포토뉴스] 홍천군조합운영협의회-유상범 국회의원 농정 간담회,2024/09/09
14,7,[포토뉴스] 홍천군자원봉사센터 탄소정화식물 식재 체험,2024/09/09
14,8,“반려동물 친화 관광도시” 홍천서 첫 국제 도그쇼,2024/09/09
14,9,“추석 경기 살리자” 홍천사랑상품권 구매 한도 50만원→100만원,2024/09/09
14,10,"강원농협, 수확철 맞이 대학생들과 농촌일손돕기 ‘구슬땀’",2024/09/09
15,1,"홍천군, 홍천사랑상품권 구매한도 100만원 상향 조정",2024/09/09
15,2,홍천군 <홍천메밀꽃 축제> 13일 개막!,2024/09/09
15,3,"홍천군, 반려동물 문화 축제 & 홍천 FCI 국제 도그쇼",2024/09/09
15,4,강원 춘천·철원·화천에 폭염주의보,2024/09/09
15,5,"홍천군, 2024년 추석 명절맞이 홍천사랑상품권 이벤트",2024/09/09
15,6,"파리올림픽 메달리스트, 홍천 찾아 펜싱 꿈나무 응원",2024/09/09
15,7,홍천 외국인 계절근로자 57% 체류 연장… 지역농가 환영,2024/09/09
15,8,"[사설]지원사업 잇단 선정, 주목받는 ‘홍천항체클러스터’",2024/09/09
15,9,홍천 고령운전자 면허반납 인센티브 20만→30만원 오른다,2024/09/09
15,10,"더불어민주당 도당, 지방선거 이끌 주요 당직 인선 추진",2024/09/09
16,1,"고창군, 대한민국 책읽는 지자체 대상 수상",2024/09/09
16,2,용준식 홍천군의원 제4회 대한민국 책 읽는 의원 대상 수상,2024/09/08
16,3,9월 초인데 폭염특보 곳곳...무더위 기승,2024/09/08
16,4,"고창군, 대한민국 책읽는 지자체 대상 수상",2024/09/08
16,5,제1회 강원특별자치도 청년대상 수상자로 ㈜더픽트 선정,2024/09/08
16,6,"[포토뉴스]강원농협, 수확철 맞이 대학생들과 농촌일손돕기",2024/09/08
16,7,명성 굳힌 홍천 한우 … 강원축산경진대회 휩쓸어,2024/09/08
16,8,[포토뉴스] 제17회 홍천군 장애인 IT활용 대회 시상식,2024/09/08
16,9,[포토뉴스] 홍천읍 김영만씨 이웃돕기 성금·성품 기탁,2024/09/08
16,10,서울 서북·경기 하남 등 전국 폭염주의보,2024/09/08
17,1,강원 원주·홍천에 폭염주의보,2024/09/08
17,2,제1회 강원특별자치도 청년대상 전창대 더픽트 대표 수상,2024/09/08
17,3,"고창군, ‘2024 대한민국 책읽는 지자체 대상’ 수상",2024/09/08
17,4,"강원자치도, 제1회 청년대상 수상자 선정",2024/09/08
17,5,"홍천군의회, 펜싱 국가대표 방문 환영",2024/09/07
17,6,"홍천 산림자원 활용, 국내 1호 임도 적극 활용해야",2024/09/07
17,7,"고창군, 2024 대한민국 책읽는 지자체 대상 수상",2024/09/06
17,8,"홍천, 농민 생존권 보장 요구 집회 열려",2024/09/06
17,9,"홍천군의회, 청년마을 ‘와썹타운’ 방문",2024/09/06
17,10,"고창군, ‘2024 대한민국 책읽는 지자체 대상’ 수상...전국서 찾는 도서관 성지로 만든다",2024/09/06
18,1,홍천군 농특산품 판매 업체 대한민국 명품특산물 박람회 참가,2024/09/06
18,2,"홍천군보건소 치매안심센터, 치매환자 가족지원「헤아림 가족교실」운영",2024/09/06
18,3,"홍천군, 우수 농특산물 박람회 첫날부터 판매 대박",2024/09/06
18,4,"고창군, ‘2024 대한민국 책읽는 지자체 대상’ 수상",2024/09/06
18,5,홍천한우 제49회 강원축산경진대회 종합 우수상 수상,2024/09/06
18,6,"신영재 홍천군수, 제17회 홍천군 장애인 IT 활용대회 참석",2024/09/06
18,7,"홍천군, 2024년 제2회 전국 국악동아리 경연대회 신청 접수",2024/09/06
18,8,"홍천군, 추석 대비 다중이용시설 안전 점검 실시",2024/09/06
18,9,"홍천군, 제49회 강원축산경진대회 종합 우수상 수상",2024/09/06
18,10,[뉴스 플러스+] 주민 40년째 희생 강요… 대체부지 물색 한시가 급하다,2024/09/06
19,1,[이슈현장] 홍천군의회 원구성 갈등에 지역현안 차질,2024/09/06
19,2,전세 사기 상담 창구 찾은 피해자 절반은 ‘20·30대’,2024/09/06
19,3,강원축산경진대회 최우수 ‘양양군’ 수상,2024/09/05
19,4,골프장에서 즐기는 특별한 한가위,2024/09/05
19,5,[의정소식] 홍천군의회 2024년9월5일,2024/09/05
19,6,홍천군보건소 아동·청소년 비만 예방 프로그램 운영,2024/09/05
19,7,"강원자치도, 2024년 제49회 강원축산경진대회 성료",2024/09/05
19,8,"홍천군, 강원 문해 자랑 대잔치 ‘청춘만개’ 공동개최",2024/09/05
19,9,"홍천군, 근로자 관리를 위한 노동관계법 교육",2024/09/05
19,10,"홍천군보건소, 아동·청소년 비만예방 프로그램「I CAN」운영",2024/09/05
20,1,"신영재 홍천군수, 제12회 한국여성농업인 강원자치도대회 참석",2024/09/05
20,2,"고용노동부 강원지청, 민관산학정 '강원 일자리 혁신 협의체' 출범",2024/09/05
20,3,"""강원도내 기업-근로자 미스매칭 우선 해결해야""",2024/09/05
20,4,악성 민원인 피해 속출…홍천군 전국 최초 ‘인공지능 CCTV’ 구축,2024/09/05
20,5,‘찾아가는 전세사기 상담’ 내일 홍천에서 열려,2024/09/04
20,6,[동정] 신영재 홍천군수,2024/09/04
20,7,"김재국 이천시의원 ""전입지원금제 도입과 전담부서 신설 시급""",2024/09/04
20,8,[포토뉴스] 홍천 서면 제23회 면민 한마음 대회 개최,2024/09/04
20,9,[포토뉴스] 홍천 노인일자리 및 사회활동 지원 사업 문화활동,2024/09/04
20,10,홍천항체클러스터 입주 ‘펩토이드’ 26억원 규모 정부 R&D사업 수주,2024/09/04
21,1,"김재국 이천시의원, ""적극적 인구유입 정책 필요"" 강조",2024/09/04
21,2,"신영재 홍천군수, 제19회 한국후계농업경영인 전국대회 참석",2024/09/04
21,3,홍천서도 다가구주택 보증금 미반환 발생 … 5일 상담 창구 운영,2024/09/04
21,4,[포토뉴스] 홍천군 자율방재단 온열질환 예방 활동,2024/09/04
21,5,"“새 주인 찾습니다” 홍천군, 불용 농기계 매각",2024/09/04
21,6,"강원대 의대 교수진 ""의대 증원, 개혁 아닌 개악""",2024/09/04
21,7,"홍천군, 2024년 공무원 대상 인구교육 실시",2024/09/04
21,8,"홍천군, 농업기계임대사업소 불용농기계 11종 17대 매각",2024/09/04
21,9,"홍천군농업기술센터, 벼 채종 단지 우량종자 생산 지원사업 현장 평가회",2024/09/04
21,10,"홍천군, 농업기계임대사업소 불용농기계 매각",2024/09/04
22,1,"홍천군 자율방재단, 폭염 대비 온열질환 예방 안전 예찰",2024/09/04
22,2,홍천국가항체클러스터 입주기업 10곳 추가 유치 나선다,2024/09/04
22,3,"박서현, KBS배 전국리듬체조 중등부 4관왕",2024/09/04
22,4,"강원대병원 응급실 진료제한(9.2~,) 군의관 긴급파견(9.4~)",2024/09/03
22,5,언어 장벽 없앤 홍천 무인민원발급기 ‘호평’,2024/09/03
22,6,"홍천군, 2024년 2차 부패 방지 및 청렴 교육실시",2024/09/03
22,7,"[기업] 청년재단, 강원연구원과 함께 '강원형 청년정책을 찾자' 포럼 개최",2024/09/03
22,8,강원관광재단 <평일의 山타를 찾아라 in 홍천> 성료,2024/09/03
22,9,[포토뉴스] 홍천 남산서 ‘강원 20대 명산 등반 행사’,2024/09/03
22,10,"춘천시, 동산면 조양리 ‘농촌생활용수 개발’ 주민불편 해소",2024/09/03
23,1,‘뉴펜져스 총출동’...펜싱 국가대표 선발대회 3일부터 개최,2024/09/03
23,2,"홍천군, 2024년 민원처리 우수사례 공감콘서트 우수상 수상",2024/09/03
23,3,홍천 펩토이드 26억 규모 정부 R&D 사업 수주,2024/09/03
23,4,"홍천군, 2024년 민원처리 우수사례 공감콘서트 ‘우수상’ 수상",2024/09/03
23,5,"강원자치도, ‘찾아가는 전세사기 법률상담 무료 지원창구’ 운영",2024/09/03
23,6,"(주)펩토이드, 정부 R&D 사업 ‘26억원 규모’ 수주",2024/09/03
23,7,"""정준영 봤다, 조심해"" 프랑스 파리에서 또 목격담",2024/09/03
23,8,홍천 '장풍이체험학교' 치유농업 서비스 제공기관 지정,2024/09/03
23,9,‘AI역량강화’ 홍천군 청년 리더 교육생 모집,2024/09/02
23,10,장풍이체험학교 강원도 1호 사회서비스 제공기관 지정,2024/09/02
24,1,"신영재 홍천군수, 다시신장 카페 ‘꽃신’장식 참석",2024/09/02
24,2,"홍천군, 수소 충전소 운영 사업자 공개 모집",2024/09/02
24,3,"홍천군, 수소충전소 사업자 공모…이달 4일 시작",2024/09/02
24,4,[포토뉴스] 한국국악협회 홍천군지부 하계 워크숍,2024/09/02
24,5,[포토뉴스] NH농협 홍천군지부 쌀 소비촉진 캠페인,2024/09/02
24,6,[포토뉴스] 중소기업융합 홍천융합회 합동 교례회,2024/09/02
24,7,"홍천군, ‘홍천 배시시 축제’ 성료",2024/09/02
24,8,"홍천군, 2024년 청년 리더 교육 참가자 모집",2024/09/02
24,9,"홍천군, 광역철도 유치 염원 ‘조형물·벽화’ 추진",2024/09/02
24,10,‘바이오가스 의무화’ 초읽기…가스 생산 ‘발등의 불’,2024/09/02
25,1,돌봄드림 ‘스마트조끼’로 불안함을 잡는다,2024/09/02
25,2,"홍천군청소년수련관, 2024년 ‘홍천군청소년오케스트라’ 하루집중캠프 성료",2024/09/02
25,3,‘바이오가스 의무화’ 초읽기…가스 생산 ‘발등의 불’,2024/09/02
25,4,"민주평통 홍천군협 항일 유적지 탐방 ""애국지사 정신 계승""",2024/09/02
25,5,민병하 홍천농고 교장 교직 생활 마무리,2024/09/02
25,6,홍천-베트남 ‘인삼 상품 개발·계절 근로자 확대’ 맞손,2024/09/02
25,7,‘바이오가스 의무화’ 초읽기…가스 생산 ‘발등의 불’,2024/09/01
25,8,홍천 추석 전 햅쌀 출하 … 명품 ‘진옥’ 첫 수확,2024/09/01
25,9,홍천군의회 2일 임시회 개회 … 의장 임기 제한 여부 놓고 충돌하나,2024/09/01
25,10,민원처리 우수사례 경진대회 ‘2024 공감콘서트’,2024/09/01
26,1,[포토뉴스] 제5대 홍천군 청소년 의회 해단식,2024/09/01
26,2,‘추석맞이’ 서울 곳곳 직거래장터 만나보세요,2024/08/31
26,3,[생생우동]올 추석 더 커진 자치구 직거래 장터,2024/08/30
26,4,"강원자치도, 민원처리 우수사례 발표 ‘2024 공감콘서트’ 개최",2024/08/30
26,5,홍천군 추석 햅쌀용 고품질 조생종벼 본격 수확,2024/08/30
26,6,'응급실에서 의료진에게 욕설·난동' 40대 항소심 죗값 늘어,2024/08/30
26,7,"홍천군보건소, 제19회『임산부의 날』기념 준비",2024/08/30
26,8,"홍천군, 부호(Vu Ho) ‘주한 베트남 대사’ 내방",2024/08/30
26,9,"홍천군의회 박영록 의장, ‘고품종 조생종벼 재배단지 수확 행사’ 참석",2024/08/30
26,10,응급실서 의료진에 욕설… 진료방해 40대 항소심서 형량 늘어,2024/08/30
27,1,"""내가 잘못했냐?""…응급실서 난동 피운 40대, 억울하다 했지만",2024/08/30
27,2,"""우리집 댕댕이 데리고 라운딩 간다""…골프족 '깜짝 소식' [이미경의 인사이트]",2024/08/30
27,3,"김진태 지사, 홍천·횡성·영월 3개군 번영회장 접견",2024/08/30
27,4,홍천 무궁화수목원 야간 경관조명 설치...9월2일부터 점등,2024/08/30
27,5,"홍천군, 수소충전소 설치부지 및 운영사업자 모집",2024/08/30
27,6,홍천군 가족센터 부모자녀 함께하는 프로그램 '호평',2024/08/30
27,7,'강원의 산과 바다 이야기' 노인대학장 강의·좌담회,2024/08/30
27,8,집밥같은 편안함·3대째 변함없는 맛… 손님도 대 잇는다,2024/08/30
27,9,홍천 도시재생 1순위 지역 ‘신장대리’ 활성화 계획 변경,2024/08/30
27,10,[동정]한종원 한국국악협회 홍천군지부장,2024/08/29
28,1,"홍천군의회, 제5대 청소년의회 본회의 및 해단식",2024/08/29
28,2,"홍천군, 전기차 화재 예방 매뉴얼 공동주택에 보급",2024/08/29
28,3,빠듯한 살림...추석 성수품 직거래 장터서 준비,2024/08/29
28,4,"홍천군,『자기혈관 숫자알기 레드서클』캠페인 실시",2024/08/29
28,5,"홍천군, 전기자동차 화재 선제적 대응 나선다",2024/08/29
28,6,"홍천군, 고품질 조생종벼 재배단지 ‘추석 햅쌀용 벼’ 본격 수확",2024/08/29
28,7,"육군 11기동사단, 9월2일부터 양평·여주서 지상협동훈련",2024/08/29
28,8,[자막뉴스] 밧줄 풀린 보트 잡으려다가...홍천 저수지서 작업하던 형제 참변,2024/08/29
28,9,한전 사장 “나도 변전소 위 근무”… 전력망 협조 호소,2024/08/29
28,10,"홍천군립도서관, 9월 ‘독서의 달’ 맞이 행사 운영",2024/08/29
29,1,"민병하 홍천농고교장, 무궁화장학금 300만 원 기탁",2024/08/29
29,2,"신영재 홍천군수, 홍천군 민방위지역대장 집합교육 참석",2024/08/29
29,3,"신영재 홍천군수, 다자녀 출산가정 축하 방문",2024/08/29
29,4,“구명조끼도 없이 맨몸으로 작업했다” 저수지 사망 형제 유족 분통,2024/08/29
29,5,"종로구, 내달 2~3일 ‘추석맞이 직거래장터’ 열어",2024/08/29
29,6,저수지 빠진 노동자 2명 숨진 채 발견‥중대재해법 조사,2024/08/29
29,7,"홍천 저수지서 부교 작업 중 물에 빠진 40대 형제, 숨진 채 발견",2024/08/29
29,8,‘농업인만 농기계 임대?’ 홍천군의회 낡은 조례 손본다,2024/08/29
29,9,이 시각 소방청 상황실,2024/08/28
29,10,"저수지 실종 형제, 결국 시신으로…“구명조끼만 입혔어도”",2024/08/28
30,1,지난해 강원지역 산모 평균 출산연령 ‘33세’… 출산연령 10년째 높아져,2024/08/28
30,2,구명조끼 하나 없는 대룡저수지 공사 현장…형제의 죽음은 예고된 ‘인재’,2024/08/28
30,3,동생 구하려던 형까지...40대 형제 참변,2024/08/28
30,4,"“동생 구하러 뛰어든 형, 우애 깊었다”…저수지 형제 사망에 유족 ‘침통’",2024/08/28
30,5,물에 빠진 동생 구하러 몸 던진 형…40대 형제 결국 숨진 채 인양,2024/08/28
30,6,"저수지 실종 형제, 결국 시신으로…“구명조끼만 입혔어도”",2024/08/28
30,7,저수지 부교 작업 중 실종된 형제… 이틀 만에 숨진 채 발견,2024/08/28
30,8,홍천 저수지서 실종된 40대 형제…이틀 만에 모두 숨진 채 발견,2024/08/28
30,9,동생 구하러 저수지에 뛰어든 형…40대 형제 모두 숨진 채 발견,2024/08/28
30,10,홍천 저수지서 실종된 40대 형제…모두 숨진 채 발견,2024/08/28
31,1,강원 홍천서 실종된 40대 형제…형 이어 동생도 숨진 채 발견[종합],2024/08/28
31,2,'형 이어 동생 마저'…부교 작업 중 실종 형제 모두 사망,2024/08/28
31,3,홍천 저수지서 실종 이틀 만에…형제 노동자 숨진 채 발견,2024/08/28
31,4,[포토뉴스]강원특별자치도행정동우회 ‘홍천수타사 산소길 자연사랑 줍킹’,2024/08/28
31,5,홍천서 동생 물에 빠지자 형이 구하려다…형제 모두 참변,2024/08/28
31,6,홍천 대룡저수지서 작업 중 실종된 40대 형제 숨진 채 발견···중처법 위반 여부 조사 예정,2024/08/28
31,7,"홍천 저수지 부교 설치하다 빠진 형제, 모두 숨진 채 발견",2024/08/28
31,8,작업 중 동생 물에 빠지자 뛰어든 형…형제 모두 숨진채 발견,2024/08/28
31,9,홍천 북방면 대룡저수지 실종 형제 숨진 채 발견,2024/08/28
31,10,저수지 빠진 동생 구하려던 형까지...40대 형제 참변,2024/08/28
32,1,[속보] 동생 구하러 뛰어든 형…홍천 저수지 실종 40대 형제 숨진 채 발견,2024/08/28
32,2,동생 구하려던 형까지...40대 형제 참변,2024/08/28
32,3,[2보]홍천 대룡저수지서 실종된 40대 형제 숨진 채 발견,2024/08/28
32,4,"홍천 저수지 부교 작업 중 실종 형제, 숨진 채 발견",2024/08/28
32,5,홍천 대룡저수지 형제 실종 수색 2일차…형 숨진 채 발견,2024/08/28
32,6,"홍천 대룡저수지 실종 40대 형제, 모두 숨진 채 발견",2024/08/28
32,7,저수지 부교 설치 중 40대 형제 실종...형 숨진 채 발견,2024/08/28
32,8,홍천 착한가격업소 홍천사랑카드 적립금 이벤트,2024/08/28
32,9,[포토뉴스] 홍천군 ‘군수와 군민의 소통의 날’ 운영,2024/08/28
32,10,전통음악 산실 ‘마리소리골 악기박물관’서 음악회,2024/08/28
33,1,"신영재 홍천군수, 격의 없는 대화·소통 ‘군민들과의 신뢰’ 강화",2024/08/28
33,2,"홍천생명건강과학관, 2024년 기획전시 ‘모든 사물의 역사3-학교’ 특별전 개최",2024/08/28
33,3,홍천 대룡저수지서 실종된 40대 형제 중 형 숨진 채 발견,2024/08/28
33,4,"홍천군, 내달 2일부터 착한가격업소 홍천사랑카드 적립금 이벤트 진행",2024/08/28
33,5,홍천 저수지서 실종된 40대 형제 중 형 숨진 채 발견,2024/08/28
33,6,저수지서 관광용 부교 작업하던 형제 실종…형 숨진 채 발견,2024/08/28
33,7,홍천 대룡저수지 40대 형제 실종…형 숨진 채 발견,2024/08/28
33,8,'홍천 저수지 부교 설치 중 실종' 40대 형제 중 '형' 숨진 채 발견,2024/08/28
33,9,홍천군 대룡저수지 실종 형제 2명 중 1명 발견,2024/08/28
33,10,홍천 대룡저수지서 작업 중 실종된 1명 숨진 채 발견,2024/08/28
34,1,‘포천 아우토반’ 시속 237㎞ 질주…유튜브에 올린 ‘라이더’의 최후,2024/08/28
34,2,홍천 저수지에 빠진 동생 구하러 형도 뛰어들어…40대 형제 실종,2024/08/28
34,3,"""동생 구하려다"" 저수지서 40대 형제 실종…동생 물에 빠지자 형도 뛰어들어",2024/08/28
34,4,"홍천교육지원청, 국제문화캠프 결과보고회 개최",2024/08/28
34,5,"안국문화재단 AG갤러리 초청, 故 주재현 미디어아트 초대전 열려",2024/08/28
34,6,"홍천군, 마리소리골악기박물관 힐링음악회 개최",2024/08/28
34,7,"홍천군, 2024년 착한가격업소 홍천사랑카드 적립금 이벤트",2024/08/28
34,8,"홍천소방서, 북방면 대룡저수지 실종자 2일차 수색",2024/08/28
34,9,"강원 조달청, 홍천군과 협업…지역 조달물품 판로지원",2024/08/28
34,10,"홍천 저수지서 실종 40대 형제, 수색 2일차",2024/08/28
35,1,홍천 저수지 부교작업 중 실종된 형제 수색 재개,2024/08/28
35,2,물에 빠진 동생 구하려다가…저수지서 40대 형제 실종,2024/08/28
35,3,물에 빠진 동생 구하려고 형도 뛰어들어…40대 형제 실종,2024/08/28
35,4,저수지에 빠진 동생 구하려다… 40대 형제 실종,2024/08/28
35,5,홍천 대룡저수지서 관광용 부교 작업하던 40대 형제 실종,2024/08/28
35,6,저수지 빠진 동생 구하러 형도 풍덩… 40대 형제 실종,2024/08/28
35,7,동생이 물에 빠지자 형이 구하려고…형제 모두 실종,2024/08/28
35,8,작업 중 동생이 물에 빠지자 형도 뛰어들었다…형제 모두 실종,2024/08/28
35,9,홍천 저수지에서 40대 작업자 2명 실종...수색 중,2024/08/28
35,10,홍천 대룡저수지 건설인부 2명 물에 빠져 수색 중,2024/08/28
36,1,"“홍천 중소기업, 공공조달시장 진출 늘려야”",2024/08/28
36,2,강원 바이오 국가첨단전략산업단지 2천억대 펀드 만든다,2024/08/28
36,3,군베이스볼 전국 유소년 야구대회 우승,2024/08/28
36,4,동생이 빠지자 형 뛰어들었다…저수지서 실종된 40대 형제,2024/08/27
36,5,홍천 저수지서 작업자 2명 실종…동생 구하려 형도 뛰어들어,2024/08/27
36,6,부교 설치 작업자 2명 실종…“동생 구하려 형까지 뛰어들어”,2024/08/27
36,7,홍천 대룡저수지에서 작업자 2명 물에 빠져 실종,2024/08/27
36,8,"[간추린 소식] 홍천, 40대 근로자 2명 물에 빠져 실종…119 수색 외",2024/08/27
36,9,홍천군 대룡저수지서 40대 작업자 2명 실종,2024/08/27
36,10,홍천 저수지 부교 작업하던 40대 형제 실종,2024/08/27
37,1,강원 홍천 대룡저수지서 40대 작업자 2명 실종…수색 중,2024/08/27
37,2,관광용 부교 설치 작업자 2명 실종,2024/08/27
37,3,"강원조달청, 홍천군청서 ‘공공조달 파트너십데이’ 진행",2024/08/27
37,4,홍천 저수지에서 40대 작업자 2명 실종...수색 중,2024/08/27
37,5,홍천 저수지서 작업자 2명 실종,2024/08/27
37,6,홍천군 북방면 대룡저수지서 40대 작업자 2명 실종,2024/08/27
37,7,홍천 대룡저수지서 작업자 2명 실종…수색 중,2024/08/27
37,8,홍천 대룡저수지서 건설인부 2명 물에 빠져 수색중,2024/08/27
37,9,"김숙자 홍천소방서장, ESS 시설 현장방문 지도",2024/08/27
37,10,"홍천군의회, 의원 연구단체 ‘조례정비연구회’ 연구용역 착수 보고회",2024/08/27
38,1,"홍천군, 지역주도형 청년일자리사업 30일까지 추가 모집",2024/08/27
38,2,홍천 팔렬중 춘천전국관악경연대회 2년 연속 금상,2024/08/27
38,3,"홍천 팔렬중, 춘천전국관악경연대회 2년 연속 금상 수상",2024/08/27
38,4,"강원자치도, ‘강원 바이오 기업간담회’ 개최",2024/08/27
38,5,"홍천군정신건강복지센터, 종사자 호신술 교육실시",2024/08/27
38,6,"홍천군, 강원지방조달청 주관 공공 조달 파트너십데이 개최",2024/08/27
38,7,"홍천군, 강원 바이오 국가첨단전략산업 특화단지 선정 기념 기업간담회 참석",2024/08/27
38,8,[포토뉴스]홍천군 다자녀 가정 가족여행,2024/08/27
38,9,"강원교육청, 학습종합클리닉센터 전문성 강화 공동연수",2024/08/27
38,10,"홍천 팔렬중학교 윈드오케스트라, 춘천전국관악경연대회 2년 연속 금상 수상",2024/08/27
39,1,"홍천군, 다자녀가정 가족여행 추진",2024/08/27
39,2,"홍천군, 28~29일 민방위지역 대장 및 대원 집합교육",2024/08/27
39,3,"홍천 이음터, 군수와 군민과의 소통의 날 운영",2024/08/27
39,4,폐목재 400톤 쌓여 있는 강릉 야적장서 화재 발생,2024/08/26
39,5,"홍천군 2회 추경 9,719억원 편성 … SOC 확충·소비활성화 중점",2024/08/26
39,6,강릉시 동해고속도로서 추돌사고로 승용차 전복… 4명 병원 이송,2024/08/26
39,7,"홍천군 “남산교 현위치 재가설, 원주지방환경청에 요청”",2024/08/26
39,8,"홍천소방서, 의료취약지역 주민 대상 소방안전교육 활발",2024/08/26
39,9,‘홍천몰’ 추석맞이 특산품 40% 할인 이벤트,2024/08/26
39,10,"홍천군, 홍천물놀이장 성황리에 폐장",2024/08/26
40,1,강원관광재단 <헤롱헤롱 캠핑일기> 열대야 가라!,2024/08/26
40,2,"홍천군, 원주지방환경청에 남산교 현 위치 재가설 요청",2024/08/26
40,3,"[생생경제] ""소고기·건강기능식품보다 좋아"" 추석 선물 선호도 1위는?",2024/08/26
40,4,"홍천자원봉사센터, 그냥그럭회 봉사회 협력 집수리봉사",2024/08/26
40,5,"홍천군, 인터넷 쇼핑몰 ‘홍천 몰’ 추석맞이 기획전",2024/08/26
40,6,"홍천군, 지역주도형 청년일자리사업(소멸위기지역 창업) 대상자 추가 모집 연장 공고",2024/08/26
40,7,"홍천군, 강원지방조달청 주관 공공 조달 파트너십데이 개최",2024/08/26
40,8,"홍천군, 제2회 추경 9,719억 원 편성",2024/08/26
40,9,"홍천군, 원주지방환경청에 “남산교 현위치 재가설 요청”",2024/08/26
40,10,"홍천군청소년수련관, 2024년 ‘홍천군청소년오케스트라’ 하루집중캠프 운영",2024/08/26
41,1,"[이슈현장] ""홍천 남산교 현위치에 재가설 해야""",2024/08/26
41,2,강원도 관광선호도 '주춤'…방문 129만명 줄어,2024/08/26
41,3,어르신께 ‘돌봄조끼’ 입히니 청년 일자리 생겼다,2024/08/26
41,4,속초 등 강원 3곳 폭염주의보 해제…홍천 폭염경보 유지,2024/08/25
41,5,홍천군 청년 창업지원 대상자 30일까지 추가 모집,2024/08/25
41,6,"홍천군, 주민등록 사실 조사 “실거주 일치 확인”",2024/08/25
41,7,"롯데마트, 고품질 국산 신선식품 추석 선물세트 선봬",2024/08/25
41,8,"홍천군의회, ‘제5회 홍천군 클럽대항 파크골프대회’ 참석",2024/08/24
41,9,"홍천군정신건강복지센터, 종사자 호신술 교육 실시",2024/08/23
41,10,"홍천군, 2024년 청년창업 지원사업 5명 추가 모집",2024/08/23
42,1,"홍천군, ‘착한가격업소’ 신규 모집",2024/08/23
42,2,"홍천군, 영귀미면지역사회보장협의체, 밑반찬과 부식 꾸러미 전달",2024/08/23
42,3,"홍천군, 2024년 주민등록 사실조사 실시",2024/08/23
42,4,"홍천군 내면도서관, ‘가을맞이 다양한 문화강좌’ 운영",2024/08/23
42,5,"홍천군, 2024년 청년창업 지원사업 대상자 추가 모집 연장 공고",2024/08/23
42,6,"서울-양양고속도로 추돌사고, 5명 부상",2024/08/23
42,7,[기획취재] 기업별 최대 3억원 지원 '기업 유치' 총력,2024/08/23
42,8,‘9월이 오면’ …강원도 예술인 최대 축제가 열린다.,2024/08/23
42,9,"홍천군, ‘착한가격업소’ 신규 모집",2024/08/22
42,10,출입 통제된 삼부연폭포서 물놀이하던 50대 물에 빠져 사망,2024/08/22
43,1,[동정] 황영래 한국음악협회 홍천군지부장,2024/08/22
43,2,서울양양고속도 내촌2터널 입구 승용차 추돌...5명 중경상,2024/08/22
43,3,"육군 11기동사단, 다음 달 지상군합동훈련 실시",2024/08/22
43,4,서울양양고속도로 내촌2터널서 추돌사고…5명 중경상,2024/08/22
43,5,"홍천군의회, 의원 연구단체 ‘게스트(GUEST)’ 인제 자작나무 숲 방문",2024/08/22
43,6,"신영재 홍천군수, 제3회 홍천군 노인 회장기 한궁대회 참석",2024/08/22
43,7,육군 11기동사단 9월2일부터 4일간 여주시·양평군·홍천군 일원서 '지상협동 훈련'예고,2024/08/22
43,8,"(사)한국음악협회 홍천군지부, 찾아가는 음악회 개최",2024/08/22
43,9,"육군 11기동사단, 지상협동훈련 실시",2024/08/22
43,10,"‘생명 살리는 4분의 기적’ 홍천군, 주민 대상 심폐소생술 교육",2024/08/22
44,1,홍천군 착한 가격 업소 모집 … 공공요금 등 혜택,2024/08/22
44,2,"홍천군보건소, 찾아가는 심폐소생술 및 응급처치 교육",2024/08/22
44,3,홍천군 착한가격업소 신규 모집...각종 혜택 지원,2024/08/22
44,4,"홍천군, 착한가격업소 신규 모집",2024/08/22
44,5,[문화와 생활] 2024년 제3회 홍천군 노인회장기 한궁대회 외,2024/08/22
44,6,이륜자동차 불법 개조의 위험성…'커스텀 바이크'의 숨겨진 위협,2024/08/22
44,7,"""특별자치도 존재이유는 지역소멸에 답하는 것…육아기본수당 확대"" [김진태 지사 인터뷰 ④]",2024/08/22
44,8,홍천군 전국 최초 '스마트 돌봄조끼' 도입,2024/08/22
44,9,태풍 '종다리' 영향 춘천·홍천 나무전도 속출,2024/08/22
44,10,홍천군 5개 중 1개꼴로 ‘유명무실 위원회’,2024/08/22
45,1,[톡(talk)!세상] 어느 기형(奇形) 소나무의 묵언(默言),2024/08/22
45,2,홍천 농장 창고 화재…2억 9천만 원 피해,2024/08/21
45,3,"홍천군, 전시 양곡 배급 훈련 실시",2024/08/21
45,4,[동정] 이형주 홍천군노인회장,2024/08/21
45,5,"홍천군, 전국 최초 스마트 사회서비스 ‘돌봄조끼’ 시범 사업 추진",2024/08/21
45,6,홍천군보건소 ‘치매 어르신 3중 안전 장치’ 무엇?,2024/08/21
45,7,[포토뉴스] 홍천로타리클럽 보일러 교체 봉사활동,2024/08/21
45,8,"홍천군, 영귀미면 어린이 공원 명칭 “뭐가 좋을까?”",2024/08/21
45,9,"홍천군, 을지훈련 연습 전시 양곡 배급 훈련실시",2024/08/21
45,10,"홍천군, 22일 을지연습 연계 공습 대비 민방위 훈련",2024/08/21
46,1,"홍천군보건소 치매안심센터, 치매 환자 실종 예방관리 사업 운영",2024/08/21
46,2,"(사)소비자교육중앙회 초청, 홍천늘푸름 한우 농촌 체험행사",2024/08/21
46,3,홍천 농장 창고 화재…2억 9천만 원 피해,2024/08/21
46,4,"홍천군, 스마트 조끼로 노인 돌본다…시범사업 실시",2024/08/21
46,5,"홍천군, 전국 최초 스마트 사회서비스 '돌봄조끼' 사업 본격 시행",2024/08/21
46,6,"홍천군, 영귀미면 ‘숲 속의 어린이공원’ 명칭 공모 온라인 투표 진행",2024/08/21
46,7,홍천서 사과 저장고 화재…2시간여만에 진화,2024/08/21
46,8,"홍천군, 전국 최초 스마트 사회서비스 ‘돌봄조끼’ 시범 사업 본격 추진",2024/08/21
46,9,홍천 영귀미면 화재로 사과저장고 전소,2024/08/21
46,10,홍천 농장 자재창고서 불…2900만원 재산 피해,2024/08/21
47,1,홍천 일자리 미스매치에 '청년 취업 저조',2024/08/21
47,2,[강원포럼]교육발전특구 선정과 과제,2024/08/21
47,3,폭염이 바꾼 농업 지도 … 홍천 고랭지 농가 여름 시금치 재배,2024/08/21
47,4,홍천으로 온 '서울 사람' [2030 세상보기],2024/08/21
47,5,[포토뉴스]육군 11기동사단 다중이용시설 테러대응훈련,2024/08/20
47,6,"육군 제11기동사단, 홍천군 다중이용시설 테러대응훈련",2024/08/20
47,7,[포토뉴스] 홍천 화촌면 행정·주민 합심 농가 돕기 봉사,2024/08/20
47,8,"홍천군 화촌면 행정복지센터, 7개 단체와 봉사활동",2024/08/20
47,9,"홍천군, 2024년 8차 기부심사위원회 개최",2024/08/20
47,10,"홍천연봉도서관, 2024년 하반기 영아 발달놀이 교실 수강생 모집",2024/08/20
48,1,[포토뉴스]양구군 2024년 을지연습 접적지역 주민이동 실제훈련,2024/08/20
48,2,"발로리조트, 프라이빗 풀빌라 리조트 분양 위해 블랙골드홀딩스와 업무협약 체결",2024/08/20
48,3,"홍천군, 저소득층 연탄 쿠폰 사업 23일까지 접수",2024/08/20
48,4,"강원 청정계곡, 피서객 버린 쓰레기로 ‘몸살’",2024/08/20
48,5,"홍천군, 저소득층 연탄 쿠폰 지원 가구 23일까지 접수",2024/08/20
48,6,"홍천군, 추석 명절 대비 축산물 위생점검 집중 실시",2024/08/20
48,7,"홍천군, 저소득층 연탄 쿠폰 사업 지원 가구 접수",2024/08/20
48,8,"홍천군, 에너지 취약계층에 연탄 쿠폰",2024/08/20
48,9,"강원도 청정계곡, 피서객 버린 쓰레기로 ‘몸살’",2024/08/20
48,10,홍천 주한미군 공여구역 숲속 공원 탈바꿈,2024/08/20
49,1,"대한항공·델타항공 임직원, 천안서 '희망의 집 짓기' 봉사활동 진행",2024/08/20
49,2,"강원 청정계곡, 피서객 버린 쓰레기로 ‘몸살’",2024/08/19
49,3,"강원 청정계곡, 피서객 버린 쓰레기로 ‘몸살’",2024/08/19
49,4,1조원대 ‘홍천양수발전소 건설사업’ 첫삽 … 지역업체 참여 주목,2024/08/19
49,5,[동정] 신영재 홍천군수,2024/08/19
49,6,"대한항공, 어김없이 '희망의 집짓기' 봉사",2024/08/19
49,7,"강원 청정계곡, 피서객 버린 쓰레기로 ‘몸살’",2024/08/19
49,8,"대한항공, 무더위 속 '희망의 집짓기' 봉사활동 펼쳐",2024/08/19
49,9,"홍천군 서석면, 제12회 찾아가는 음악회 성료",2024/08/19
49,10,"홍천진달래로타리클럽, 이웃돕기 성금 기탁",2024/08/19
50,1,홍천 용오름마을 웰니스캠핑 축제 참가자 호평 속 성료,2024/08/19
50,2,"홍천군 보건소 치매안심센터, 치매 파트너 양성 교육",2024/08/19
50,3,"홍천군, 제1회 용오름 마을 웰니스 캠핑 축제 성료",2024/08/19
50,4,“하루 종일 노출 생활” 선택한 한혜진… ‘500평 별장’서 무슨 일 있었길래,2024/08/19
50,5,"대한항공-델타항공 임직원, 희망의 집짓기 봉사활동",2024/08/19
50,6,용문~홍천 철도 예타 통과 ‘온힘’…“다음은 없다는 각오”,2024/08/19
50,7,"홍천군, 저소득층 대상 노후 전기설비 교체 추진",2024/08/19
50,8,"대한항공, 무더위 속 '희망의 집짓기' 봉사활동",2024/08/19
50,9,"대한항공, 폭염 속 델타항공 임직원과 '희망의 집짓기' 봉사활동",2024/08/19
50,10,대한항공-델타항공 임직원 함께 '사랑의 집짓기',2024/08/19
51,1,"홍천군, 홍천 물놀이장 이용 만족도 설문조사",2024/08/19
51,2,"홍천군, 을지연습 준비계획보고회 개최",2024/08/19
51,3,"홍천군, 저소득층 노후 전기 시설 개선 사업 수요조사",2024/08/19
51,4,"대한항공, ‘희망의 집짓기’ 봉사활동 펼쳐… 델타항공 임직원도 참여",2024/08/19
51,5,"대한항공, 무더위 속 '희망의 집짓기' 봉사활동… 델타항공 임직원도 참여",2024/08/19
51,6,"대한항공, ‘희망의 집짓기’ 봉사활동 ‘구슬땀’",2024/08/19
51,7,"대한항공·델타항공 임직원들, '희망의 집짓기' 봉사활동 참여",2024/08/19
51,8,"대한항공·델타항공 임직원, 천안서 '희망의 집짓기' 봉사활동",2024/08/19
51,9,"대한항공, ‘희망의 집짓기’ 봉사활동 진행",2024/08/19
51,10,"대한항공, 무더위 속 ‘희망의 집짓기’ 봉사활동 진행",2024/08/19
52,1,홍천군 숙원사업 ‘ 용문~홍천’ 광역철도 예타만 남았다,2024/08/19
52,2,"고성·강릉서 수난사고, 정선 화재 소나무 소실",2024/08/19
52,3,‘스세권’ 된 홍천 구도심 … 상권 활성화 이어질까,2024/08/19
52,4,"강원 고속도로 교통사고 10여 건…홍천, 나무 전도",2024/08/18
52,5,어울릴 수록 더 좋은 사회 “함께 수영하며 배웠어요”,2024/08/18
52,6,서울양양고속도로서 연쇄 추돌사고 잇달아 곳곳 정체,2024/08/18
52,7,폭염 속 마라톤 온열질환자 속출…서울양양고속도로 사고도,2024/08/18
52,8,서울 양양고속도로 터널 인근서 연쇄 추돌 2건 발생,2024/08/18
52,9,"인구보건복지협회 강원지회 100인의 아빠단, 무궁화마을체험 진행",2024/08/18
52,10,"[제2회 대한민국 고향사랑기부 박람회]“내 고장 알리자” 이색 문구, 답례품에 관람객 시선 집중",2024/08/18
53,1,"홍천군보건소, 경증 치매 환자 쉼터 프로그램 운영",2024/08/18
53,2,올해 홍천 주민세 9억여원 부과 … 9월 2일까지 납부,2024/08/18
53,3,[포토뉴스] 홍천 야시대리 자유수호 희생자 합동 위령제,2024/08/18
53,4,"[포토뉴스] 홍천경찰서, 보이스피싱 예방 NH농협 직원 감사장",2024/08/18
53,5,[포토뉴스] 홍천군자원봉사센터 노후보일러 교체 봉사,2024/08/18
53,6,[포토뉴스] “현장 속으로” 홍천 공무원 경관개선사업 일일 체험,2024/08/18
53,7,무단이탈 제로...홍천군 '외국인 계절근로자' 비결은?,2024/08/18
53,8,"""왜 돈 안줘"" 1급 청각장애 가진 부모 무차별 폭행한 패륜 아들",2024/08/17
53,9,"‘공무원 체험! 삶의 현장’ 신영재 홍천군수, 경관개선 봉사",2024/08/16
53,10,"홍천소방서, 여름철 화재 예방 행동요령 홍보 캠페인",2024/08/16
54,1,"홍천군, 19~22일까지 2024년 을지연습 훈련실시",2024/08/16
54,2,"홍천군보건소,「추석맞이 홍이, 청이를 잡아라 챌린지 2탄」운영",2024/08/16
54,3,"홍천미술관, 순회전 <재히어니, 나는 죽었다>",2024/08/16
54,4,"홍천군 도시재생지원센터,『2024년 도시재생 주민공모사업』협약식",2024/08/16
54,5,"홍천군, 8월 주민세 납부 홍보",2024/08/16
54,6,"홍천군 공무원, 체험! 삶의 현장 속으로~",2024/08/16
54,7,‘홍천강’ 더 재밌게 즐긴다…송학정교 개통,2024/08/16
54,8,"홍천군, 청년내일저축계좌 대상자 32명 선정",2024/08/16
54,9,홍천강 물놀이하던 60대 물에 빠져 구조됐으나 숨져,2024/08/16
54,10,광복절에 홍천강서 물놀이하던 60대 익사,2024/08/16
55,1,홍천강서 물놀이하던 60대 물에 빠져…심정지 상태 이송,2024/08/16
55,2,홍천군 다자녀가정 가족여행 경비 전액 지원,2024/08/16
55,3,홍천 고향사랑기부제 고액 기부자 10명 중 6명 ‘서울·경기’,2024/08/16
55,4,"홍천군, 청년내일저축계좌 대상자 32명 선정",2024/08/15
55,5,"홍천군, 청년내일저축계좌 대상자 32명 선정",2024/08/15
55,6,[시니어현장] 전국 노인대학 대학장 권역별 강의 및 좌담회 강원권 시리즈 실시,2024/08/15
55,7,"홍천군, 워킹푸어 청년 32명 ‘내일저축계좌’ 지원",2024/08/15
55,8,"[포토뉴스]홍천군, 다자녀가정 가족 여행 사전 설명회",2024/08/15
55,9,[포토뉴스] 최우홍 홍천부군수 물놀이 관리지역 점검,2024/08/15
55,10,[포토뉴스] 홍천서 쌀소비 촉진 위한 ‘아침밥 먹기 운동’,2024/08/15
56,1,영원히 피고 지지 않는 나라꽃,2024/08/15
56,2,계곡물에 설거지 ‘거품 둥둥’…말리니 “그냥 가져가?” 악다구니,2024/08/14
56,3,"홍천군 서면 행정복지센터, 복지사각지대 발굴 협업 ‘유관기관 협조 방문’ 홍보",2024/08/14
56,4,"홍천군보건소 치매안심센터, 치매 환자쉼터 ‘청춘스쿨’ 운영",2024/08/14
56,5,"홍천군, 2024년 을지연습 연계 3분기 통합방위협의회 정기회의 개최",2024/08/14
56,6,"홍천군, 청년 내일 저축 계좌 대상자 32명 선정",2024/08/14
56,7,홍천읍~북방면 ‘송학정교’ 개통…보행자 전용,2024/08/14
56,8,"홍천군 서석면, 제12회 찾아가는 음악회",2024/08/14
56,9,"최우홍 홍천부군수, 물놀이 관리지역 점검 실시",2024/08/14
56,10,"홍천군, 2024 다자녀가정 가족여행 사전설명회",2024/08/14
57,1,"홍천군, 2024년 청년 내일 저축 계좌 대상자 32명 선정",2024/08/14
57,2,홍천 44번 국도서 오토바이 가로등 충돌…10대 사망,2024/08/14
57,3,"최부규·안금란 부부, 안동철·윤순자 부부 새농민상 본상 선정",2024/08/14
57,4,[동정] 박영록 홍천군의장,2024/08/13
57,5,경포해변서 파도에 휩쓸려 실종된 50대 숨진 채 발견,2024/08/13
57,6,"제59회 새농민상 본상 최부규·안금란, 안동철·윤순자 부부 수상",2024/08/13
57,7,홍천서 오토바이 전봇대 충돌…20대 심정지,2024/08/13
57,8,홍천 국도서 오토바이 전신주 충돌…20대 심정지,2024/08/13
57,9,"제59회 새농민상 본상에 최부규·안금란씨 부부, 안동철·윤순자씨 부부 수상",2024/08/13
57,10,[포토뉴스] 한국자유총연맹 홍천군지회 맥주축제 수익금 기부,2024/08/13
58,1,홍천군보건소 찾아가는 치매예방 교실 운영,2024/08/13
58,2,"홍천군의회, 연봉리-송학정 연결 ‘송학정교 개통식’ 참석",2024/08/13
58,3,"홍천군보건소 치매안심센터, 찾아가는 치매 예방 교실 운영",2024/08/13
58,4,"홍천군 어린이 문화체험단, 서울 강동구 도시문화 체험",2024/08/13
58,5,홍천 최고 수변 산책로 연봉~송학정 잇는 송학정교 개통,2024/08/13
58,6,"홍천교육지원청, 뉴질랜드·호주 청소년 국제문화캠프 성료",2024/08/13
58,7,"홍천군, 연봉~송학정을 잇는 송학정교 개통",2024/08/13
58,8,"웨이크보드 조용현 선수, 홍천군 이웃돕기 성금 전달",2024/08/13
58,9,"홍천군, 로컬푸드 소비확대 및 6차산업 활성화 수혜기업 모집",2024/08/13
58,10,‘홍천휴게소’ 이름 변경 2차 설문조사…15일까지,2024/08/13
59,1,홍천 새 랜드마크 '송학정교' 오늘 개통,2024/08/13
59,2,홍천휴게소 명칭 변경 후보군 ‘찰옥수수·수타사·무궁화’,2024/08/13
59,3,‘홍천휴게소’ 이름 변경 2차 설문조사…15일까지,2024/08/12
59,4,[부고]권오성씨 부친상,2024/08/12
59,5,[포토뉴스]㈜권선개발 취약계층 위한 기부금 전달,2024/08/12
59,6,"홍천군, 개별주택가격 열람 및 의견제출 기간 운영",2024/08/12
59,7,"홍천군, 군(軍)소음 보상금 4800여만원 12일 지급",2024/08/12
59,8,"홍천군, 군용비행장·사격장 소음 피해 마을 3곳 보상 지급",2024/08/12
59,9,말복 앞두고 35도 폭염 기승... 서울 22일 연속 열대야,2024/08/12
59,10,"감홍회, 홍청군 무궁화 장학금 5백만 원 기탁",2024/08/12
60,1,[포토뉴스] 홍천 감홍회 무궁화 장학금 전달,2024/08/12
60,2,"홍천군, 자매결연도시 부평구 어린이 초청 농촌문화체험",2024/08/12
60,3,"홍천군, 군(軍)소음 보상금 지급",2024/08/12
60,4,北핵공격 방어 '한미 UFS 연합연습' 19일부터 실시..北 도발 예의주시(종합),2024/08/12
60,5,[부고]고윤순 한림대 사회복지학부 교수 장인상,2024/08/12
60,6,"홍천군, ‘아이와 함께 자라나는 동심마을’ 팝업놀이터 운영",2024/08/12
60,7,"홍천군, 2024년 청소년 참여기구 활동지원 ‘문화캠프’ 진행",2024/08/12
60,8,"홍천군, 홍천휴게소 명칭변경 2차 설문조사(8.9~8.15)",2024/08/12
60,9,"원주시 성인문해교육 학습자, ‘2024년 강원자치도 성인문해교육 시화전’ 대거 수상",2024/08/12
60,10,철원·인제서 수난사고…횡성 벌목작업 50대 압사,2024/08/12
61,1,홍천군 착한가격 업소에 인센티브,2024/08/12
61,2,홍천군 '홍천강 하천정비사업' 주민의견 청취,2024/08/12
61,3,‘수타사 기운 받은 은메달’ … 프랑스 3X3 대표팀·홍천군 인연 화제,2024/08/12
61,4,무법천지 피서철 강원 고속도로…교통사고 속출,2024/08/11
61,5,"부평구 어린이 문화체험단, 자매결연도시 강원특별자치도 홍천군 방문",2024/08/11
61,6,홍천강 위를 걷는다 … ‘송학정교’ 13일 개통,2024/08/11
61,7,“폭염 안전 우선” 홍천군 노인일자리사업 실외 활동 잠정 중단,2024/08/11
61,8,"홍천군, 착한가격 업소 21개소에 공공요금 인센티브 지급",2024/08/11
61,9,[포토뉴스] 홍천 북방면 새마을회 이웃돕기 성금 기탁,2024/08/11
61,10,"[포토뉴스] 홍천 다드림 축산, 취약계층 위한 물품 기부",2024/08/11
62,1,"민주당, 오늘 대전·세종서 경선…현재까지 이재명 압승",2024/08/11
62,2,"""강에 목욕하러 왔냐""…비누칠하고 등 밀어준 남녀 '민폐 피서객' 눈살",2024/08/11
62,3,서울양양고속도로 귀경차량 6대 연쇄추돌 3명 다쳐,2024/08/10
62,4,‘홍천항체클러스터’ 날개…‘기업 유치와 인력 양성’ 과제,2024/08/10
62,5,서울-양양 고속도로서 6대 연쇄추돌…3명 부상,2024/08/10
62,6,서울양양고속도로 귀경차량 6대 연쇄추돌 3명 다쳐…주말 사고 속출,2024/08/10
62,7,서울양양고속도로 귀경차량 6대 연쇄추돌 3명 다쳐,2024/08/10
62,8,홍천 양양고속도로서 6중 추돌…3명 경상,2024/08/10
62,9,주말 강원 고속도로서 6중 추돌 등 사고 잇따라,2024/08/10
62,10,홍천 서울양양고속도로서 6중 추돌…3명 부상,2024/08/10
63,1,서울양양고속도로 귀경차량 6대 연쇄추돌 3명 다쳐…사고 속출,2024/08/10
63,2,"춘천시, 아일랜드 국립바이오공정교육연구소 방문… 바이오 인재 양성 탄력",2024/08/09
63,3,"홍천군보건소, 신속대응반 직무교육 진행",2024/08/09
63,4,"홍천군, 노인일자리 사업 일시적 실외활동 전면 중단 조치",2024/08/09
63,5,"홍천군, 지속가능발전계획 수립 용역 중간 보고회",2024/08/09
63,6,"홍천군청소년수련관, 청소년어울림마당 ‘물놀이 축제’ 개최",2024/08/09
63,7,홍천군 인연 프랑스 3X3 농구팀 파리올림픽 은메달 획득,2024/08/09
63,8,[파리 올림픽]홍천서 전지훈련한 프랑스 3x3 농구 대표팀 … 파리올림픽 ‘은메달’,2024/08/09
63,9,"홍천군, 우리동네살리기 ‘팝업놀이터’ 개최",2024/08/09
63,10,"프랑스 3X3 농구 국가대표팀, 2024 파리 올림픽 은메달 획득",2024/08/09
64,1,"""평일엔 강원도 명산으로"" 강원관광재단 '평일의 山타를 찾아라' 개최",2024/08/09
64,2,"""구명조끼 착용, 음주 수영금지"" 강원도, 물놀이 안전수칙 홍보",2024/08/09
64,3,"홍천군, 2024년 상반기 착한가격업소 인센티브 지원",2024/08/09
64,4,[가보니]반려견 얼굴에 미소 가득…댕댕이 여행 '천국',2024/08/09
64,5,[이슈현장] '태풍 오는데…' 673채 빈집 붕괴위험 가중,2024/08/09
64,6,[기고] 노인들에게 과잉 공권력 행사 유감,2024/08/09
64,7,홍천군의회 후반기 원구성 끝내 파행 … 野 “의장 보이콧”,2024/08/09
64,8,"[피플&스토리] ""빈농 아들, 대기업 임원까지… 고향 도움 잊지 않고 평생 나눔 실천""",2024/08/09
64,9,[옥영숙의 내돈내산 시인의 한끼](7)남해 ‘공주식당’ 멸치회무침과 ‘詩&Sea 카페’,2024/08/09
64,10,"홍천, 트랙터 운전자 숨져…영월, 공장 화재",2024/08/08
65,1,“6·25 참전 용사 선배들 덕분에 강한 국군이 됐습니다”,2024/08/08
65,2,원주 물지울사거리서 오토바이와 승용차 ‘쾅’…20대 숨져,2024/08/08
65,3,홍천서 트렉터 3m 아래 밭으로 추락…60대 운전자 사망,2024/08/08
65,4,홍천서 트랙터 농로 옆으로 전도…60대 운전자 숨져,2024/08/08
65,5,[포토뉴스] 강원특별자치도 물놀이 안전수칙 준수 캠페인,2024/08/08
65,6,"홍천서 트랙터 전도 사고, 60대 숨져",2024/08/08
65,7,홍천서 트랙터 쓰러져…60대 깔려 숨져,2024/08/08
65,8,"강원자치도, 홍천강 물놀이 안전수칙 준수 캠페인",2024/08/08
65,9,홍천중앙시장 ‘야시장’ 첫 도전 … 구도심 활성화 나선다,2024/08/08
65,10,"홍천군, 지자체 일자리 공시제 우수상 수상",2024/08/08
66,1,홍천군 전국 지자체 일자리대상 우수상 수상 영예,2024/08/08
66,2,홍천서 트랙터 전도 60대 운전자 사망,2024/08/08
66,3,"홍천군새마을부녀회, 사랑가득 출산용품 나눔 행사",2024/08/08
66,4,"홍천군, 2024 전국 지방자치단체 일자리대상 우수상 수상",2024/08/08
66,5,용문~홍천 광역철도 정부 신규사업 반영..사업 추진 '파란불',2024/08/08
66,6,강원특별자치도 <평일의 山타를 찾아라> 9월 개최,2024/08/08
66,7,"11기동사단 불사조대대, 홍천군 6·25전쟁 참전용사 위문품 전달",2024/08/08
66,8,홍천중앙시장 ‘왁자지껄 홍천야시장’ 오는 9일 개장,2024/08/08
66,9,"홍천군, 개별주택가격 열람 및 의견제출 기간 운영",2024/08/08
66,10,김영란법 완화 요구…농축수산물 30만 원 상향 검토,2024/08/08
67,1,"주민들이 사랑한 자작나무, 지역과 산촌 살리는 보물이 되다",2024/08/08
67,2,강원 시군 “월 15만원 부으면 5년 뒤 3000만원 지급”,2024/08/08
67,3,용문~홍천 광역철도 정부 신규사업 공식 반영,2024/08/08
67,4,“100대 명산 홍천 팔봉산 관광지 재개발 서둘러야”,2024/08/08
67,5,‘청탁금지법’ 완화 추진…추석 선물 30만 원 전망,2024/08/07
67,6,김영란법 완화 요구…농축수산물 30만 원 상향 검토,2024/08/07
67,7,[포토뉴스] 홍천 자매결연도시 성동구 어린이들 동키마을 방문,2024/08/07
67,8,홍천군 2024 주민소통 간담회서 다양한 현안들 쏟아져,2024/08/07
67,9,"홍천군, 자매결연도시 서울 강동구 어린이 초청 농촌문화체험",2024/08/07
67,10,“홍천 생활 만족도 어떤가요?” 행복지수 통계조사 실시,2024/08/07
68,1,"삼척시, '일자리 안심공제'로 근로자에 3000만원 지급",2024/08/07
68,2,"홍천군, 저소득층 가구 대상 LED조명 교체사업 추진",2024/08/07
68,3,"홍천군, 저소득층 가구 대상 LED조명 교체사업 추진",2024/08/07
68,4,"홍천군, 농특산물 홍보·판매관 ‘마르쉐’ 개장",2024/08/07
68,5,"홍천군, 홍천군민 ‘행복지수 통계조사’ 실시",2024/08/07
68,6,홍천강서 옷벗고 등까지 밀어주며 목욕한 男女 '경악',2024/08/07
68,7,[사설]‘홍천항체클러스터’ 전국 최고 바이오단지 돼야,2024/08/07
68,8,홍천지역 농어촌 도로 56% ‘흙탕길’,2024/08/07
68,9,"홍천군의회, 농특산물 홍보판매관 개장식 참석",2024/08/06
68,10,"홍천군, 농특산물 홍보·판매관 ‘마르쉐’ 개장",2024/08/06
69,1,"홍천 비발디파크, 지역 농가 상생 공간 ‘마르쉐’ 개장",2024/08/06
69,2,[포토뉴스]광복회 강원특별자치도지부 태극기 나눔 행사,2024/08/06
69,3,동해서 승용차 시내버스 충돌…도내 사건사고 잇따라,2024/08/06
69,4,"홍천군, 소노벨 비발디파크에서 홍보활동",2024/08/06
69,5,"민주당 김두관 후보 측 ""권리당원 74%가 투표 거부..'개딸 중심 정당' 확인""",2024/08/06
69,6,"홍천강서 머리감고, 등 밀어주며 목욕한 男女 '눈살'",2024/08/06
69,7,"""여기가 목욕탕이냐""…홍천강서 등 밀어주는 남녀 '눈살'",2024/08/06
69,8,홍천군 농특산물 홍보·판매관 '마르쉐' 소노벨 비발디파크서 개장,2024/08/06
69,9,"“계곡이 목욕탕이냐, 등까지 밀어주게”…아직도 이런 피서객 많다니",2024/08/06
69,10,"홍천군, 신혼부부 주거자금 대출 이자 지원",2024/08/06
70,1,계곡서 설거지하고 강에서 등 밀고…피서객 이기적 행동 눈총(영상),2024/08/06
70,2,강원 춘천·홍천 호우주의보…원주 등 11곳 폭염경보 유지,2024/08/06
70,3,"홍천군, 농특산물 홍보·판매관 <마르쉐> 개장",2024/08/06
70,4,"홍천군, 하절기 환경오염행위 특별감시단속 실시",2024/08/06
70,5,"홍천군, 신혼부부 주거자금 대출이자 지원",2024/08/06
70,6,"홍천군, 온열질환 취약 사업장 현장점검 시행",2024/08/06
70,7,"계곡서 설거지, 목욕하는 민폐 피서객들... ""왜 이러는 걸까요""",2024/08/06
70,8,"""강물에서 두 남녀 목욕""…가족들 놀러 갔다가 본 충격 장면",2024/08/06
70,9,"계곡물에 냄비 씻고, 강에서 목욕…휴가철 '민폐' 피서객 눈살",2024/08/06
70,10,"[타봤더니]똑똑하고 야무진데 값도 3,000만 원대...기아 EV3는 전기차 인기 다시 띄울까[CarTalk]",2024/08/06
71,1,홍천강서 목욕한 남녀…피서객들 눈살 찌푸린 '별별 행동',2024/08/06
71,2,"[잠시만요] ""불교 또 나 빼고 재밌는 거 하네? 힙해진 불교, 소개팅 주선도?""",2024/08/06
71,3,행정안전부 도와 시군의 부서별 정원 편중 배치 시정 요구,2024/08/06
71,4,홍천군 용문~홍천 광역철도 유치 총력,2024/08/06
71,5,[이슈현장] 홍천강 남산교 재가설 '위치 변경' 갈등,2024/08/06
71,6,홍천국가항체클러스터 기술력 우수기업 모여든다,2024/08/06
71,7,"홍천군, 국회서 용문~홍천 광역철도 유치홍보",2024/08/06
71,8,강원 원주·횡성 호우경보 해제…춘천·홍천은 유지,2024/08/05
71,9,"의정부시 송산2동, 자매결연지 두촌면과 직거래 행사 성료",2024/08/05
71,10,전기 끊기고 전철 지연…시간당 65㎜ 기습 폭우 쏟아진 강원,2024/08/05
72,1,강원 춘천 호우경보 발효…원주·횡성·홍천 호우경보 유지,2024/08/05
72,2,강원 인제·양구 호우주의보…원주·횡성 호우경보 유지,2024/08/05
72,3,강원 홍천에 호우경보…춘천에 호우주의보,2024/08/05
72,4,[부고]2024년 8월 5일,2024/08/05
72,5,[동정] 이형주 홍천군노인회장·이영복 홍천군여성단체협의회장,2024/08/05
72,6,강원 원주·횡성에 호우경보…홍천에 호우주의보 발효,2024/08/05
72,7,"최악 '찜통더위'에 피해 확산…정부, 폭염관리관 첫 전국파견",2024/08/05
72,8,"신영재 홍천군수, 홍천국가항체클러스터 입주기업과 간담회",2024/08/05
72,9,"홍천군, 상반기 민원 우수 공무원 14명 선정",2024/08/05
72,10,"[포토뉴스] 홍천나누미봉사단, 수타사 월인봉사단 장수사진 촬영",2024/08/05
73,1,"홍천군 북방면, ‘화계문화센터’ 신축 안전기원제",2024/08/05
73,2,"신영재 홍천군수, 홍천국가항체클러스터 입주기업 간담회",2024/08/05
73,3,홍천강 일원에서 패들보드 타며 맥주축제 즐겨,2024/08/05
73,4,"“홍천 철도, 국가균형발전 위해 필수” 대국회 홍보전",2024/08/05
73,5,강원관광재단 <레저하고 캠핑가자 in 홍천 >,2024/08/05
73,6,"[포토뉴스] 파울 두클로스 주한 페루대사, 홍천 알파카 월드 방문",2024/08/05
73,7,"[포토뉴스] 신영재 홍천군수, 찾아가는 주민소통 간담회",2024/08/05
73,8,"신영재 홍천군수, 10개 읍면 방문하여 소통 행정 실현",2024/08/05
73,9,홍천군 국회서 용문~홍천 광역철도 유치 홍보,2024/08/05
73,10,"홍천군, 홍천읍 연봉리와 송학정 연결 ‘송학정교’ 개통식",2024/08/05
74,1,"홍천군, 2024년 상반기 민원 우수공무원 14명 선정",2024/08/05
74,2,"신영재 홍천군수, 페루 알파카의 날 기념행사 참석",2024/08/05
74,3,"홍천군, 국회에서 용문~홍천 광역철도 홍천군민 염원 홍보!",2024/08/05
74,4,40도 ‘살인 폭염’,2024/08/05
74,5,‘어거스트 홍천’ 한국 최대 맥주 축제화 첫발,2024/08/05
74,6,[포토] 더위가 강물에 그린 그림,2024/08/05
74,7,피서 인파 몰린 고성·영월·홍천서 수난사고 잇따라 발생,2024/08/04
74,8,"영웅시대 홍천방, 청소년 장학금· 노인 생수 기부 ‘훈훈’",2024/08/04
74,9,“100세 시대 경로당은 다르다” 홍천군 디지털 기술 접목,2024/08/04
74,10,<제8회 홍천강 별빛음악 맥주축제>연일 대박행진!,2024/08/04
75,1,"홍천군, 2024년 상반기 민원 우수공무원 14명 선정",2024/08/05
75,2,"신영재 홍천군수, 페루 알파카의 날 기념행사 참석",2024/08/05
75,3,"홍천군, 국회에서 용문~홍천 광역철도 홍천군민 염원 홍보!",2024/08/05
75,4,40도 ‘살인 폭염’,2024/08/05
75,5,‘어거스트 홍천’ 한국 최대 맥주 축제화 첫발,2024/08/05
75,6,[포토] 더위가 강물에 그린 그림,2024/08/05
75,7,피서 인파 몰린 고성·영월·홍천서 수난사고 잇따라 발생,2024/08/04
75,8,"영웅시대 홍천방, 청소년 장학금· 노인 생수 기부 ‘훈훈’",2024/08/04
75,9,“100세 시대 경로당은 다르다” 홍천군 디지털 기술 접목,2024/08/04
75,10,<제8회 홍천강 별빛음악 맥주축제>연일 대박행진!,2024/08/04
76,1,"홍천군, 2024년 상반기 민원 우수공무원 14명 선정",2024/08/05
76,2,"신영재 홍천군수, 페루 알파카의 날 기념행사 참석",2024/08/05
76,3,"홍천군, 국회에서 용문~홍천 광역철도 홍천군민 염원 홍보!",2024/08/05
76,4,40도 ‘살인 폭염’,2024/08/05
76,5,‘어거스트 홍천’ 한국 최대 맥주 축제화 첫발,2024/08/05
76,6,[포토] 더위가 강물에 그린 그림,2024/08/05
76,7,피서 인파 몰린 고성·영월·홍천서 수난사고 잇따라 발생,2024/08/04
76,8,"영웅시대 홍천방, 청소년 장학금· 노인 생수 기부 ‘훈훈’",2024/08/04
76,9,“100세 시대 경로당은 다르다” 홍천군 디지털 기술 접목,2024/08/04
76,10,<제8회 홍천강 별빛음악 맥주축제>연일 대박행진!,2024/08/04
77,1,"홍천군, 2024년 상반기 민원 우수공무원 14명 선정",2024/08/05
77,2,"신영재 홍천군수, 페루 알파카의 날 기념행사 참석",2024/08/05
77,3,"홍천군, 국회에서 용문~홍천 광역철도 홍천군민 염원 홍보!",2024/08/05
77,4,40도 ‘살인 폭염’,2024/08/05
77,5,‘어거스트 홍천’ 한국 최대 맥주 축제화 첫발,2024/08/05
77,6,[포토] 더위가 강물에 그린 그림,2024/08/05
77,7,피서 인파 몰린 고성·영월·홍천서 수난사고 잇따라 발생,2024/08/04
77,8,"영웅시대 홍천방, 청소년 장학금· 노인 생수 기부 ‘훈훈’",2024/08/04
77,9,“100세 시대 경로당은 다르다” 홍천군 디지털 기술 접목,2024/08/04
77,10,<제8회 홍천강 별빛음악 맥주축제>연일 대박행진!,2024/08/04
78,1,60대 남성 물에 빠져 심정지 상태로 병원 이송...도내 사건사고 속출,2024/08/04
78,2,‘눈에 보이는 소리’ 홍천 인터랙티브 미디어 아트전 눈길,2024/08/04
78,3,광주-밀양서 밭일하다 연이어 사망…체온 42도까지 올라 열사병 추정,2024/08/04
78,4,"[포토뉴스] 강원사랑회, 홍천군에 선풍기 전달",2024/08/04
78,5,"[포토뉴스]강원농협, 경제사업장 일손나눔",2024/08/04
78,6,[포토뉴스] 홍천읍 행정복지센터~홍천등기소 보행로 개통,2024/08/04
78,7,[포토뉴스] 홍천 두촌면 역내리-의정부시 송산2동 교류,2024/08/04
78,8,강원 홍천강서 실종된 4세 아동 발견…인근 병원서 치료 중,2024/08/03
78,9,홍천강서 패들보트 뒤집혀 실종된 4세 남아 20여분만에 구조,2024/08/03
78,10,“아기들 없어졌다” 홍천강 신고…구조된 4살 아이 중태,2024/08/03
79,1,홍천강서 4세 아동 실종 25분만에 구조…회복 치료 중,2024/08/03
79,2,"강원농협, 경제사업장 일손나눔 ‘구슬땀’",2024/08/02
79,3,강원 기업 생산품 몽골 수출길 올라...2일 옥계항서 선적,2024/08/02
79,4,강원 홍천강 별빛음악 맥주축제 '대박'...이틀새 2만명 방문,2024/08/02
79,5,"홍천남성의용소방대, 별빛음악 맥주축제 ‘빛나는 안전지킴이’",2024/08/02
79,6,"홍천군 두촌면 역내리, 의정부시 송산 2동과 1사1촌 교류활동",2024/08/02
79,7,"홍천군,「스마트경로당 구축 사업」착수보고회",2024/08/02
79,8,뜨겁고 시원한 ‘홍천 맥주축제’ … 이틀새 4만여명 북적,2024/08/02
79,9,강원자치도 대표축제 <제8회 홍천강 별빛음악 맥주축제> 전야제 대호황,2024/08/02
79,10,강원농협 홍천서 '산지농협 일손나눔',2024/08/02
80,1,홍천미술관 인터랙티브 미디어 아트전 인기...관람객 1만명 돌파,2024/08/02
80,2,"홍천군 서석면 지역사회보장협의체, 건강한 여름나기 이불 세트 지원",2024/08/02
80,3,"홍천읍-홍천등기소 보행로 개통, 주민들 일상 이동 개선",2024/08/02
80,4,"김명선 강원자치도 행정부지사, 축제장·무더위 쉼터 점검",2024/08/02
80,5,"홍천미술관, 인터랙티브 미디어 아트전 ‘큰 호응’",2024/08/02
80,6,"강원자치도, 휴가철 축제장·무더위 쉼터 안전점검",2024/08/02
80,7,"무더운 여름, 홍천서 ‘갓맥’ 즐겨볼까",2024/08/02
80,8,72년만에 주인에게 돌아간 무공훈장,2024/08/01
80,9,"홍천군의회, ‘제41회 홍천군민의 날 경축행사’ 참석",2024/08/01
80,10,홍천 가리산교차로서 차량 4대 간 사고…8명 경상,2024/08/01
81,1,홍천 가리산교차로 차량 4대 간 사고 발생…3명 병원행,2024/08/01
81,2,[포토뉴스] “홍천 대홍복숭아 맛보세요” 휴게소 판매 시작,2024/08/01
81,3,"홍천군, 소상공인 시설개선·경영지원사업 추진",2024/08/01
81,4,"홍천군, 노인 맞춤 돌봄서비스 2권역 수행기관 상반기 평가 회의 개최",2024/08/01
81,5,"홍천군, 故이석재 상병에게 6.25전쟁 무공훈장 전달",2024/08/01
81,6,"홍천군, 제41회 홍천군민의 날 경축행사 성료",2024/08/01
81,7,'홍천강 별빛음악 맥주 축제' 개막...오는 4일까지,2024/08/01
81,8,"스테이그라운드, 신세계 인터내셔날 돌체앤가바나와 콜라보 이벤트 진행",2024/08/01
81,9,"""12브릭스 고품질 홍천 복숭아, 고속도로서 구입하세요""",2024/08/01
81,10,"홍천군, 여름대표 제철과일 ‘대홍복숭아’ 본격 출하!",2024/08/01
82,1,"홍천남면도서관, 하반기 문화강좌 수강생 모집",2024/08/01
82,2,"홍천군, 소상공인 시설개선 및 경영지원사업(3차) 추진",2024/08/01
82,3,"세이지우드 CC 홍천, 섬머 시즌 골프 패키지 ‘REFRESH SUMMER’출시",2024/08/01
82,4,"이동학 ""한동훈 제3자 특검 반대? 법무장관이 尹 대변인인가?""[한판승부]",2024/08/01
82,5,[강원도민일보가 만난 사람] 25. 이수희 서울 강동구청장,2024/08/01
82,6,홍천군 축산 악취 문제 ‘유용 미생물’로 잡는다,2024/08/01
82,7,근대5종 기대주들 '맹활약',2024/08/01
82,8,"홍천군, 고향사랑기부제 기금사업 아이디어 공모",2024/07/31
82,9,홍천군 <제8회 홍천강 별빛음악 맥주 축제> 전야제,2024/07/31
82,10,"제주사대부고 근대5종팀, 전국대회서 금메달 2개 따내",2024/07/31
83,1,[포토뉴스] 크린산업 홍천 무궁화 장학금 기탁,2024/07/31
83,2,홍천 한우 명품성 재확인 … 한우고급육 품평회 석권,2024/07/31
83,3,"㈜크린산업, 홍천군 무궁화장학금 300만 원 기탁",2024/07/31
83,4,명품 홍천한우 강원축산경진대회 석권...전국 최고 명성 입증,2024/07/31
83,5,"제49회 강원 고급육 품평회, ‘이호민(양양) 농가 최우수상’ 수상",2024/07/31
83,6,[포토뉴스] 홍천 고유 품종 ‘대홍 복숭아’ 품평회,2024/07/31
83,7,"홍천군, 영귀미면에 조성 어린이 공원 명칭 공모",2024/07/31
83,8,"홍천군, 제8회 홍천강별빛음악맥주축제 합동안전점검",2024/07/31
83,9,"홍천군 명품 한우, 제49회 강원축산경진대회 석권!",2024/07/31
83,10,"6월 강원 관광, 캠핑·차박 등 캠핑관광 콘텐츠 부상",2024/07/31
84,1,홍천군민의 날 행사 내달 1일 토리숲서 개최...맥주축제 연계,2024/07/31
84,2,[지역교육 혁신 지역통합 발전] 교육의 힘으로 지역 키우는 교육발전특구 ‘시험대’,2024/07/31
84,3,'청소년 국대' 이호연 거침없는 질주.. 전국 근대 3종 2관왕,2024/07/31
84,4,"홍천군, 대홍복숭아 ‘가락동 도매시장 품평회’ 개최",2024/07/31
84,5,"홍천생명건강과학관, 사이언스 매직쇼 공연",2024/07/31
84,6,"홍천군, 제41회 홍천군민의 날 기념행사 개최",2024/07/31
84,7,"홍천군청소년수련관, 홍천군 청소년유해환경감시단 민·관 합동점검",2024/07/31
84,8,구명조끼 없이 '풍덩' 음주 후 '첨벙' 안전불감 위험수위,2024/07/31
84,9,홍천 농촌 새 활로 '치유농업' 개발 박차,2024/07/31
84,10,홍천에서 왜 ‘맥주 축제’ 열릴까?,2024/07/31
85,1,강원 국회의원들 특별교부세 잇따라 확보,2024/07/30
85,2,물놀이장 갔다 숨진 초등생…시설 관리자?태권도장 관장 등 ‘보호?관리 소홀’,2024/07/30
85,3,강원 양구군 말라리아 경보 발령…철원에 이어 두 번째,2024/07/30
85,4,태권도장서 물놀이장 갔다 숨진 초등생… 시설관리자·관장 등 6명 기소,2024/07/30
85,5,2차 교육발전특구에 강원 7개 시·군 선정 … 전국 1유형 중 최다,2024/07/30
85,6,모든 광역시·도 '교육발전특구' 보유…전남 10곳 등 시범지역 25곳 추가 선정(종합),2024/07/30
85,7,“지역 주도 맞춤형 교육개혁”…시범지역 25곳 추가 선정,2024/07/30
85,8,"홍사랑회, 무궁화장학금 100만 원·고향사랑기부금 5백만 원 기탁",2024/07/30
85,9,[포토뉴스] 홍사랑회 무궁화장학금 100만원 기탁,2024/07/30
85,10,"홍천군, 자매결연 서울 성수2가 제1동 ‘서석면’ 방문",2024/07/30
86,1,"홍천군, 신규농업인 영농기초 기술교육 2기 성료",2024/07/30
86,2,"홍천군 “자체생산 미생물, 악취 저감 효과 입증”",2024/07/30
86,3,강릉·동해·태백·삼척·영월·평창·정선 ‘교육발전특구’ 2차 공모 선정,2024/07/30
86,4,"경북 칠곡서 발굴, 6·25전사자 '고(故) 임진원 순경' 74년 만에 가족 품에",2024/07/30
86,5,"홍천군, 고향사랑기부제 기금사업 아이디어 접수",2024/07/30
86,6,[포토뉴스] 홍천군장애인체육회 이사회 개최,2024/07/30
86,7,"‘치유농업 1번지’ 노리는 홍천, 프로그램 개발 나서",2024/07/30
86,8,"신영재 홍천군수, 홍천군장애인체육회 제21차 이사회 참석",2024/07/30
86,9,"홍천군, 영귀미면 어린이공원 (가칭) 명칭 공모",2024/07/30
86,10,"홍천군, 고향사랑기부제 기금사업 아이디어 공모 접수!",2024/07/30
87,1,"(재)홍천문화재단, 기획전시 <여름 숲속의 기억>",2024/07/30
87,2,[오늘의 경기] 2024년 7월 30일,2024/07/30
87,3,홍천서 포터-탑차 충돌 4명 부상 등 사건·사고 잇따라,2024/07/30
87,4,홍천 일자리사업 기관장 '부당노동행위' 공방,2024/07/30
87,5,‘이웃 지자체’ 홍천·인제 협력사업 논의 시작 … 내용 무엇?,2024/07/30
87,6,경기일정(30일),2024/07/30
87,7,홍천·평창서 교통사고 잇달아,2024/07/29
87,8,영동고속도로 2중·4중 추돌사고 등 강원도내 사건·사고 이어져,2024/07/29
87,9,홍천 국도서 교통사고 속출…7명 부상,2024/07/29
87,10,홍천서 1t 포터·냉동탑차 충돌… 4명 부상 병원 이송,2024/07/29
88,1,오늘의 부고 종합,2024/07/29
88,2,"홍천군의회, 홍천강 별빛음악 맥주축제 사전 점검",2024/07/29
88,3,홍천군 “농산물 직거래 활성화” 택배비 최대 50만원 지원,2024/07/29
88,4,"홍천군, 광역철도 예비타당성 통과 홍보전 총력",2024/07/29
88,5,[포토뉴스] 홍천군 쏘가리 종자 방류 행사,2024/07/29
88,6,"홍천군, 농산물 택배비 최대 50만원 지원...8월16일까지 접수",2024/07/29
88,7,홍천 구성포리서 승용차 전봇대 들이받아 3명 부상,2024/07/29
88,8,"홍천군, 어족자원 보존 ‘쏘가리 종자’ 방류",2024/07/29
88,9,"홍천군, 8월 16일까지 농가 택배비 지원(최대 50만원) 신청",2024/07/29
88,10,[포토뉴스] 홍천 물놀이 관리지역 유관기관 합동 점검,2024/07/29
89,1,<오늘의 부고>,2024/07/29
89,2,"홍천군, 보훈명예수당 대상자 확대 38명 추가 지급",2024/07/29
89,3,"홍천소방서, 실종자 구조 성공 ‘훈훈한 감사의 글’ 게시",2024/07/29
89,4,홍천군민 100년 염원 용문~홍천 광역철도 홍보 본격 추진,2024/07/29
89,5,"신영재 홍천군수, 물놀이 관리지역 현장점검",2024/07/29
89,6,신영재 홍천군수 “황금보리축제 많이 오세요!”,2024/07/29
89,7,"홍천군, 보훈명예수당 대상자 확대",2024/07/29
89,8,"홍천군, 용문~홍천 광역철도 ‘세종시 등 관외지역 홍보’ 본격 추진",2024/07/29
89,9,[부고] 안경덕(전 고용노동부 장관)씨 모친상,2024/07/29
89,10,"""3+3 강원형 산업 생태계 완성 '바이오 수도' 도약 기대""",2024/07/29
90,1,수하교 개축 시급 “폭우시 고립 우려에 E등급 교량 폐쇄도 못해”,2024/07/29
90,2,"[사설]道 기회발전특구 도전, 성장 동력 극대화 계기로",2024/07/29
90,3,경기일정(29일),2024/07/29
90,4,‘7말8초’ 피서 인파 붐빈 강원서 사고 속출,2024/07/28
90,5,인제 내린천서 래프팅 보트 전복돼 60대 남성 심정지 병원 이송,2024/07/28
90,6,춘천·원주·화천·인제 폭염주의보 발효,2024/07/28
90,7,다문화-비다문화 아이 함께 ‘희망날개 패들보들교실’ 눈길,2024/07/28
90,8,[포토뉴스] 홍천-인제 농어촌버스 상생발전 논의,2024/07/28
90,9,홍천군민 대상에 전석준·박상록·이경숙·홍성초·길정자·지형근 등 6명 선정,2024/07/28
90,10,다양한 맥주가 한 자리에…홍천강 별빛음악 맥주축제 31일 개막,2024/07/28
91,1,"인천 부평구, '홍천군 어린이 문화체험단' 초청 행사",2024/07/28
91,2,‘홍천강 별빛 음악 맥주 축제’ 31일 개막···맥주 빨리 마시기 등 다양한 행사 진행,2024/07/28
91,3,홍천 물놀이장 매일 300여명 찾아 ‘인기’,2024/07/28
91,4,홍천 덕고산서 70대 낙상…탈진한 동료는 밤샘 끝 구조,2024/07/28
91,5,"홍천 좋은친구들장학회, 학생가구 집수리 후원금 기탁",2024/07/28
91,6,[포토뉴스] 홍천 도시재생대학 교육과정 종료,2024/07/28
91,7,홍천군 여름 대표축제 '홍천강 별빛음악 맥주 축제' 31일 개막,2024/07/28
91,8,"이재명, 경남 경선서 87.22% 득표…김두관 11.67%",2024/07/27
91,9,이상민 행안부 장관 “피서철 물놀이 안전관리 만전”,2024/07/27
91,10,"홍천군의회, 제34회 나라꽃 무궁화 홍천축제 참석",2024/07/27
92,1,제34회 나라꽃 무궁화 홍천축제 열려,2024/07/27
92,2,홍천 국도 44호선서 카니발 승합차 화재…차체 전소,2024/07/27
92,3,"이재명은 거리두는데...최고위 후보들은 너도나도 ""尹 탄핵""",2024/07/26
92,4,"홍천군, 2024 도시재생대학 입문과정 종강",2024/07/26
92,5,"홍천군, 장마철 가축분뇨 불법배출 점검 실시",2024/07/26
92,6,"국군방송, KFN스페셜 ’방위산업 다큐멘터리 3부작‘ 방영",2024/07/26
92,7,"홍천소방서, 취약계층 대상 소방안전교육 활발히 진행",2024/07/26
92,8,"홍천군자원봉사센터, 열관리협회 홍천지회와 저소득층 노후보일러교체 봉사활동",2024/07/26
92,9,‘집단 쓰레기’에 고개 숙였지만 김두관 “강성 당원들 이재명 너무 추앙해”,2024/07/26
92,10,홍천군 여름 대표 축제 <제8회 홍천강 별빛음악 맥주 축제>,2024/07/26
93,1,"홍천군, 홍천물놀이장 누적 방문객 6,500여 명 돌파!",2024/07/26
93,2,"홍천군, 2024년 홍천군민 대상 수상자 선정",2024/07/26
93,3,농촌 일손 부족 “10년에 12배 악화…대책 서둘러야”,2024/07/26
93,4,"강원도 ""기회발전특구로 미래산업글로벌도시 구현""",2024/07/26
93,5,"농촌 일손 부족, “10년에 12배 악화…대책 서둘러야”",2024/07/26
93,6,"[오늘 아침 신문] '유령식당'에 착한가격업소 혜택이‥""정부는 몰랐다""",2024/07/26
93,7,"K바이오, 강원 넘어 초광역으로",2024/07/26
93,8,이상민 행안부장관 내일 홍천 방문,2024/07/26
93,9,홍천 외국인 '성실근로자' 장기 근무 검토,2024/07/26
93,10,지자체·바이오 전문가 총출동 '원팀 공조' 머리 맞댔다,2024/07/26
94,1,외국인 계절근로자 10배 늘어도 이탈률 0%대인 비결,2024/07/26
94,2,'K-바이오클러스터 구축 중심' 강원특별자치도,2024/07/25
94,3,"농촌 일손 부족, “10년에 12배 악화…대책 서둘러야”",2024/07/25
94,4,"농촌 일손 부족, “10년에 12배 악화…대책 서둘러야”",2024/07/25
94,5,홍천 군민대상 지형근 삼성물산 부사장 등 6명 선정,2024/07/25
94,6,"농촌 일손 부족, “10년에 12배 악화…대책 서둘러야”",2024/07/25
94,7,"홍천 중학생 30명, 뉴질랜드·호주 국제문화캠프 참여",2024/07/25
94,8,"道, 3조 기업투자 유치 목표…기회발전특구 도전장",2024/07/25
94,9,"홍천군, 독서·소통·문화공간 ‘별빛나루도서관’ 개관",2024/07/25
94,10,강원도 기회발전특구 기본계획 심의…5대 첨단산업·9개 시군 특구 조성,2024/07/25
95,1,"강원특별자치도, 기회발전특구 신청 준비 완료!",2024/07/25
95,2,"[단독] 이재명은 '유예하자'는데..민주 ""금투세 예정대로 시행"" 공식화",2024/07/25
95,3,[포토뉴스] 홍천 어린이 인천부평구 도시문화체험,2024/07/25
95,4,필리핀서 날아온 계절 근로자가 홍천 농업현장 지킨다,2024/07/25
95,5,"'볼링 女帝 꺾었다' 한윤아, 7년 만에 감격의 첫 KPBA 우승",2024/07/25
95,6,"홍천군 남면지역사회보장협의체, ‘건강한 여름나기’ 사업",2024/07/25
95,7,"홍천군, 26일 ‘제1회 홍천 황금보리축제’ 개막!",2024/07/25
95,8,"홍천군 어린이 문화체험단, 인천 부평구 도시문화 체험",2024/07/25
95,9,양기철 하나감정평가법인 대표 '바이바이 플라스틱 챌린지' 참여,2024/07/25
95,10,"김진태 지사 “초광역권 삼각벨트 구축, 대한민국 바이오산업 이끌 것”",2024/07/25
96,1,"홍천군노인복지관, MG홍천새마을금고와 ‘건강한 여름나기 위풍당닭’ 삼계탕 나눔 행사",2024/07/25
96,2,"홍천군, ‘제34회 나라꽃 무궁화 홍천축제’ 27일 개최",2024/07/25
96,3,"홍천군, 필리핀 산후안시장과 업무 발전 방향 논의",2024/07/25
96,4,"홍천군, 2024년 단기 스포츠 체험 강좌 추진",2024/07/25
96,5,"홍천군 연봉도서관, 2024 여름 특강 프로그램 진행",2024/07/25
96,6,"홍천교육지원청, 홍천지역 중학생 30명 뉴질랜드· 호주 국제문화캠프 실시",2024/07/25
96,7,“우리가 대한민국 대표 ‘여름 축제’… 신나게 즐겨요”,2024/07/25
96,8,"이재명 ""실거주 1주택 종부세 대폭 완화..금투세 면세점 상향 검토해야""",2024/07/25
96,9,'장마 언제 끝나나…' 강원도내 관광지 숙박예약 줄취소 울상,2024/07/25
96,10,감자 술 주력 폴란드 '쇼팽 보드카' 홍천 공장 신설 관심,2024/07/25
97,1,부실PF 손질 시동에 도내 건설사 퇴출 불안,2024/07/25
97,2,홍천사과 25t 스리랑카 수출 '관세 면제',2024/07/25
97,3,"폴란드 주류 업계 거물, 홍천 감자·인삼밭 찾은 이유?",2024/07/25
97,4,‘5분 자유발언 제지’ 갈등 더 깊어진 홍천군의회,2024/07/25
97,5,"이재명 ""실거주 1주택 종부세 대폭 완화..금투세 면세점 상향 검토해야""",2024/07/24
97,6,"홍천군, ‘제34회 나라꽃 무궁화 홍천축제’ 27일 개최",2024/07/24
97,7,폭우 쏟아진 용소계곡서 물놀이하던 모자 급류에 휩쓸려,2024/07/24
97,8,[자막뉴스] 잠기고 무너지고… 집중호우 가니 찜통더위 온다,2024/07/24
97,9,화천 캠핑장 야외 샤워장 화재 등 도내 사건사고 잇따라,2024/07/24
97,10,강원 속초·고성·양양·홍천에 폭염경보…정선에 폭염주의보,2024/07/24
98,1,폭우 쏟아진 용소계곡서 물놀이하던 모자 급류에 휩쓸려,2024/07/24
98,2,"홍천생명건강과학관, 과학특강 고등학생들에게 큰 호응",2024/07/24
98,3,"홍천군, 축산분야 FTA피해 보전 직불금 신청 접수",2024/07/24
98,4,"홍천생명건강과학관, 과학특강 고등학생들에게 큰 호응",2024/07/24
98,5,“한전에 매수된 입지선정위원회는 무효”···규탄 나선 홍천 주민들,2024/07/24
98,6,강원도시군의회의장협의회장에 최익순 강릉시의장 선출,2024/07/24
98,7,"‘125만 권리당원’ 강조한 민주당, ‘당심’도 일부만 반영하나",2024/07/24
98,8,김두관 “尹대통령 임기단축·개헌해야…여론은 이미 탄핵”,2024/07/24
98,9,"홍천군, 농업·농촌 치유자원 활용 ‘대표 치유농업 프로그램 발굴’ 추진",2024/07/24
98,10,"뷰파인더, 홍천군 이웃돕기 성금 기탁",2024/07/24
99,1,"홍천군, 제34회 ‘나라꽃 무궁화 홍천축제’ 개최",2024/07/24
99,2,"신한카드, 여름 휴가철 맞아 할인ㆍ캐시백 본격 전개",2024/07/24
99,3,원주·영월·정선·평창 호우주의보 발효… 횡성·홍천 호우경보 유지,2024/07/24
99,4,'135㎜ 물폭탄' 횡성 청일면 산사태로 청일∼둔내 도로 양방향 통제,2024/07/24
99,5,강원 춘천·횡성·홍천에 호우경보,2024/07/24
99,6,‘앞으로 더 걱정’ 상승하는 분양가에 ‘내 집 마련’ 앞당겨야,2024/07/24
99,7,"[사설] 바이오 산업, 국비 지원이 출발점",2024/07/24
99,8,홍천군-폴란드 보드카 업체 교류 모색,2024/07/24
99,9,[포토뉴스] 제4기 희망날개 어울림 수영교실,2024/07/24
99,10,“스마트팜으로 농업 위기 극복” 의기투합한 홍천 청년들,2024/07/24
100,1,"[포토뉴스]폴란드 쇼팽 보드카, 홍천군청 방문 감자 품질 확인 및 군수 면담",2024/07/23
100,2,"“다문화·비다문화 경계, 수영 함께 배우며 허물어요”",2024/07/23
100,3,"폴란드 보드카 기업 쇼팽사, 홍천군 방문",2024/07/23
100,4,홍천문화재단 <제8회 홍천강 별빛음악 맥주축제>,2024/07/23
100,5,토지·건물 소유권 없어도 '실버타운' 운영 가능,2024/07/23
100,6,"野 전당대회, '90%' 득표 중인 이재명… ""'尹 정부 종식' 당심 반영된 결과""",2024/07/23
100,7,"홍천군, 2024년 FTA 피해보전직불 축산분야 신청·접수",2024/07/23
100,8,"홍천군, 태풍 대비 농업 기반 시설 안전 점검·관리 강화",2024/07/23
100,9,"민주 최고위원 득표 1위 정봉주 ""당원에게 난 '아픈 손가락'""",2024/07/23
100,10,"홍천군노인복지관, 국립횡성숲체원 ‘나눔의 숲 힐링캠프’",2024/07/23
101,1,홍천 수박 올해 첫 출하,2024/07/23
101,2,“우리 동네 소식 전해요” 홍천군 명예기자 모집,2024/07/23
101,3,당도 12브릭스 이상 청청 강원 홍천수박 첫 출하,2024/07/23
101,4,청정강원 <홍천수박 시원한 첫 출하> 신고!,2024/07/23
101,5,"홍천군, 군정소식지 ‘내고장 홍천소식’ 명예기자 모집",2024/07/23
101,6,"홍천군, 제9회 KITS 마케팅부문 최우수상 수상",2024/07/23
101,7,"민주 최고위원 1위 정봉주 ""난 '아픈 손가락'…다섯명에 들어갔으면""",2024/07/23
101,8,[오늘의 청약 일정] '제일풍경채운정(A45)' 1순위 청약 등,2024/07/23
101,9,강원형 바이오헬스 클러스터 육성 컨트롤타워 세운다,2024/07/23
101,10,국내외 관광콘텐츠 총망라 2만여명 관심 몰렸다,2024/07/23
102,1,"[이슈현장] 홍천군, 양수발전소 반대 농성 강제해산",2024/07/23
102,2,"""우수·지역성 확보 홍천 찰옥수수 활용성 무궁무진""",2024/07/23
102,3,‘홍천 양수발전소 건설사업’ 막판 인허가 절차 앞두고 진통,2024/07/23
102,4,제28회 홍천 찰옥수수축제 대박 행진 성공적으로 마무리,2024/07/23
102,5,[기고] 국토교통부의 실책,2024/07/22
102,6,홍천군청 점거 농성 주민 7명 경찰 연행,2024/07/22
102,7,[간추린 소식] 동해안 ‘해파리 쏘임’ 사고 속출…최근 나흘간 185건 외,2024/07/22
102,8,첫 원외 수석 나오나… 정봉주 돌풍에 모두 놀랐다,2024/07/22
102,9,[여름방학 시작] 공항‧해수욕장 인파 몰렸다,2024/07/22
102,10,"김두관, 친명계 비판?..""집단 쓰레기"" 글 올렸다 삭제 후 ""메시지팀 실수""",2024/07/22
103,1,강원형 K-바이오클러스터 국비 400억 요청,2024/07/22
103,2,"""누가 찐명 성골일까""..민주 2인자 '수석 최고위원' 자리 놓고 경쟁 후끈",2024/07/22
103,3,"김두관, '친명' 지지층 겨냥해 '집단 쓰레기' 썼다 삭제",2024/07/22
103,4,"홍천 사과, 가을에 스리랑카로 수출된다",2024/07/22
103,5,"김두관 측 ""친명 '집단 쓰레기' 발언은 와전…메세지팀 실수""",2024/07/22
103,6,"홍천군, 스리랑카와 교류 협력 추진",2024/07/22
103,7,홍천 갈마곡리 별빛나루 도서관 25일 문 열어,2024/07/22
103,8,"홍천군의회, 제350회 임시회 제6차 본회의",2024/07/22
103,9,"김두관, 합동연설회 두고 ""메뚜기떼냐"" 비판…'쓰레기' 논란에는 캠프원 해임",2024/07/22
103,10,"김진태 지사 ""바이오특화단지 지자체·기업·산학연병 집적 추진단 구성""",2024/07/22
104,1,"홍천군노인복지관, ‘너도나도 함께 락락(즐거움 두 배)’ 프로그램 평가회 및 나눔 활동 진행",2024/07/22
104,2,‘2024년 홍천군 사회조사원’ 19명 모집,2024/07/22
104,3,"홍천군, 양수발전소 건설사업 반대 농성 주민에 대해 행정대집행",2024/07/22
104,4,홍천군청서 8일째 농성한 양수발전소 반대 주민 7명 연행,2024/07/22
104,5,“여름방학이다!” 첫 주말 해외여행·워터파크 인기…야구·여름축제 열기도 ‘후끈’,2024/07/22
104,6,홍천 찰옥수수축제 3만명 방문 '대박'...성공적 마무리,2024/07/22
104,7,"신영재 홍천군수, 제20회 홍천군수기 강원자치도 궁도대회 및 승단대회 참석",2024/07/22
104,8,"홍천군, 별빛나루도서관 개관식 개최",2024/07/22
104,9,"박수현 ""오죽하면 검찰총장이 '졸렬하다' 했을까?""",2024/07/22
104,10,"이재명, 경선 이틀째 91.7% 득표율… ‘확대명’ 독주체제 굳혔다",2024/07/22
105,1,이재명 연이어 90%대 득표율로 압승,2024/07/22
105,2,홍천 홉 농장서 ‘힐링 팜파티’ … 관광상품 개발 첫발,2024/07/22
105,3,기후 변화로 열흘 빨라진 홍천 찰옥수수축제 “품질로 승부”,2024/07/22
105,4,"이재명, 제주·인천·강원 경선서 압승",2024/07/22
105,5,민주 ‘이재명 대세론’- 국힘 ‘결선 투표’ 여부 관심,2024/07/22
105,6,민주당 최고위원 선거 전북 캐스팅보트 부상,2024/07/22
105,7,초반 당권레이스 압도하는 이재명…`졌잘싸` 노려야 하는 김두관,2024/07/21
105,8,순회경선 이틀째 이재명 90% 득표율…최고위원은 정봉주 선두,2024/07/21
105,9,"이재명, 강원지역 경선에서 90% 득표율…`어대명` 재확인",2024/07/21
105,10,"강원 합동연설…김두관 ""다양성 실종"" VS 이재명 ""먹사니즘""",2024/07/21
106,1,민주 당대표 강원 경선도 이재명 90%로 압승…최고위원 정봉주 1위,2024/07/21
106,2,"한전, 송전탑 건설 지역 주민에 식사·여행…10년간 수십억 썼다",2024/07/21
106,3,"이재명, TK·강원 경선도 90% 이상 '압승'",2024/07/21
106,4,막말로 공천탈락 ‘이 남자’ 득표율 1위…민주당 최고위원 투표서 이변,2024/07/21
106,5,"이재명, 고향 TK에서도 완승...대구 94.73%·경북 93.97%",2024/07/21
106,6,"호남 유일 후보 민형배, '초반 열세' 극복하나",2024/07/21
106,7,민주당 대표 경선 이재명 후보 90% 넘어 압승,2024/07/21
106,8,‘험지’ 대구·경북 찾은 이재명 “먹고 사는 문제 해결해야”,2024/07/21
106,9,"이재명, 대구에서 94.7% 최고 기록…누적 91.7%(종합2보)",2024/07/21
106,10,"이번주 여야, 당대표 결정…대화 물꼬 틀까?",2024/07/21
107,1,"이재명, 당 대표 강원 경선에서도 90%로 압승",2024/07/21
107,2,"민주당 호남 최고위원 불발 위기감 '고조'…""호남 결집 반전 이뤄내야""",2024/07/21
107,3,이재명 독주 속 김두관 27일 부울경 경선 분수령,2024/07/21
107,4,"이재명, 경선 이틀째 90% 득표율…‘확대명’ 독주체제 굳혔다",2024/07/21
107,5,"이변없는 '확대명'...이재명, 순회경선 누적 득표율 90% 기록",2024/07/21
107,6,태백 등 강원 11곳 강풍주의보 해제…홍천 등 8곳 폭염주의보 유지,2024/07/21
107,7,홍천군 2024년 사회조사 요원 19명 모집,2024/07/21
107,8,"반전 없는 '어대명' 민주 전대, 강원 지역 경선도 이재명 '90%' 압승",2024/07/21
107,9,"野, 전대 초반부터 '또대명' 확실시…순회 경선 이틀 연속 90% 득표",2024/07/21
107,10,"홍천문화재단, 제28회 홍천 찰옥수수축제 대박 행진!",2024/07/21
108,1,"이재명, 강원 당 대표 경선서도 90%로 압승…김두관 8%",2024/07/21
108,2,"춘천·홍천서 로또 2등 … 당첨금 4,060만원",2024/07/21
108,3,"이재명, 강원 경선서도 90%로 압승",2024/07/21
108,4,"[단독]한전, 건설지역서 10년간 선심성 식사·여행 등에 25억 이상 썼다",2024/07/21
108,5,"'또대명' 기류 굳어지나…이재명, 강원 경선서도 90% 득표",2024/07/21
108,6,"이재명, 강원 득표율 90.02%…최고위원 후보 선두는 정봉주",2024/07/21
108,7,‘어대명’ 기류 여전…반전 없는 민주당 전당 대회,2024/07/21
108,8,[포토뉴스] 남북통일운동국민연합 홍천군지회 성금 기부,2024/07/21
108,9,"이재명, 강원 경선 90% 득표로 '대세론' 이어가… 김두관 8.9%",2024/07/21
108,10,"이재명, 강원 경선도 90% 압승…최고위원 1위 정봉주",2024/07/21
109,1,[2024 강원 바이오포럼·기조 발제]“바이오 특화단지 국가예산 확보전략 시급”,2024/07/21
109,2,‘확대명’ 굳힌 이재명 “국민 먹고사는 문제 해결할 것”,2024/07/21
109,3,[포토뉴스] 홍천-횡성 조합 상생발전협의회 개최,2024/07/21
109,4,"강원서도 ‘이재명 바람’, 제주·인천 이어 90% 득표 ‘압승’",2024/07/21
109,5,"강원서도 휘몰아친 ‘이재명 바람’…제주·인천 이어 90% 득표, 압승 거뒀다",2024/07/21
109,6,"이재명, 강원 경선서도 90%로 압승…김두관 8%",2024/07/21
109,7,"민주 당대표 강원 경선, 이재명 90%로 압승...김두관 8.9%",2024/07/21
109,8,[속보]민주 당대표 강원 경선 이재명 90% 압승…김두관 8%,2024/07/21
109,9,민주당 대표 경선 강원에서도 이재명 90% 득표로 압승,2024/07/21
109,10,"민주당 당대표 강원 경선...이재명 90.2%, 김두관 8.9%",2024/07/21
110,1,민주 당대표 강원경선…이재명 90%·김두관 8%(상보),2024/07/21
110,2,민주 강원경선서 이재명 90% 압승…최고위원 1위 정봉주,2024/07/21
110,3,"[속보] 이재명, 강원 경선서도 90%로 압승…김두관 8%",2024/07/21
110,4,"이재명 ""재생에너지, 강원부터 시작""…김두관 ""李 연임하면 강대강 대치""",2024/07/21
110,5,"'청년 당권주자' 김지수의 호소…""모두 한 사람 찍어도 누군간 미래에 씨앗 심어야""",2024/07/21
110,6,野 '강원 합동연설회'…김두관·김지수·이재명 '3인3색' 표심 호소,2024/07/21
110,7,"민주, 오늘 강원·대구·경북 경선…'이재명 독주' 굳히나",2024/07/21
110,8,강풍 몰아친 강원도…나무전도 13곳,2024/07/21
110,9,"이재명 ""강원부터 재생에너지 고속도로 깔아 인구소멸 해결""",2024/07/21
110,10,"김두관, 이재명 90% 득표에 ""제왕적 당대표로 당 다양성 사라질 것""",2024/07/21
111,1,[속보] 민주당 강원권 합동연설회… 이재명·김두관·김지수 당권주자 출동,2024/07/21
111,2,"홍천군 두촌면 남·여의용소방대, 물놀이 안전 캠페인",2024/07/21
111,3,홉 농장서 수제 맥주…요가·맨발걷기·음악 즐기며 ‘힐링’,2024/07/21
111,4,'홍천 K-홉' 한여름 축제로 즐기다,2024/07/20
111,5,"홍천군의회, 그린홉스 페스타 참석",2024/07/20
111,6,"홍천여성의용소방대연합회, 어르신 급식 봉사활동",2024/07/20
111,7,"홍천 허그인 아동·청소년 후원회·홍천군청소년수련관, 아이조아 체육교실 운영",2024/07/20
111,8,"홍천군의회, 제20회 홍천군수기 강원자치도 궁도대회 축하",2024/07/20
111,9,"강원 인제군 서화면 도로에 낙석, 교통통제하고 복구중",2024/07/20
111,10,[분양 캘린더] 7월 넷째 주 '힐스테이트도안리버파크' 등 3659가구 분양,2024/07/20
112,1,"임상섭 산림청장 “경제림, 산림자원 순환경영 촉진""",2024/07/19
112,2,이번 주말 강원도서 여름 축제 잇따라 열려,2024/07/19
112,3,"박영록 홍천군의장, ‘홍천 찰옥수수 브랜드화 방안과 6차산업 전망’ 심포지엄 참석",2024/07/19
112,4,“홍천 찰옥수수부터 옥빙수·옥라떼도 맛보러 왔어요”,2024/07/19
112,5,"""아이 기르기 좋은 정책 통했나""…인제군, 출산율 1.36명 '도내 1위'",2024/07/19
112,6,"홍천군, 제28회 홍천찰옥수수축제 개막!",2024/07/19
112,7,"박나래 '55억 자택' 불청객 몸살…""돈 빌려달란 사람도""",2024/07/19
112,8,"400㎜ 폭우 내린 강원 '주말, 또 장대비' 사고 주의보",2024/07/19
112,9,"(사)남북통일운동국민연합 홍천군지회, 이웃돕기 성금 기탁",2024/07/19
112,10,"대양환경기술 김재규 대표, 홍고향사랑기부금 300만 원 기부",2024/07/19
113,1,"홍천 이음터, 군수와 군민과의 소통의 날 운영",2024/07/19
113,2,"홍천군, 2024년 사회조사 조사요원 모집",2024/07/19
113,3,합참 “북한이 18~19일 날려 보낸 오물 풍선은 200여개”,2024/07/19
113,4,[의정칼럼] 국방부 밀실행정과 말뿐인 기부대양여,2024/07/19
113,5,바이오 기업 유치 퍼즐 '거두산단 승인' 시급,2024/07/19
113,6,"이번 주말, 홍천 찰옥수수 맛보기·홉 농장 체험 어때요?",2024/07/19
113,7,첨단 바이오 클러스터 춘천 “글로벌 특구+기업혁신파크 연계 혁신 완성”,2024/07/18
113,8,육동한 춘천시장 “한국판 보스턴 바이오클러스터 조성”,2024/07/18
113,9,[동정] 전성열 NH농협 홍천군지부장,2024/07/18
113,10,폭우에도 야영 삼매경…‘우중 캠핑족’ 안전불감증 심각,2024/07/18
114,1,[동정] 김용식 동횡성농협조합장,2024/07/18
114,2,[간추린 소식] “강원 지하차도 1곳만 차단시설 설치 완료” 외,2024/07/18
114,3,"‘K-바이오 산업의 중심, 강원’ 도약 위해 道·시군·정치권 원팀 뭉친다",2024/07/18
114,4,'400㎜ 물폭탄' 도로 침하에 나무 쓸려나가…'강원 영서' 피해 속출,2024/07/18
114,5,‘K-바이오클러스터의 시작과 완성은 강원특별자치도에서!’,2024/07/18
114,6,"홍천군, 대기 배출 사업장에 사물인터넷 측정기 지원",2024/07/18
114,7,수도권 세브란스·고대·경희대 병원 분원 가능…3900병상 이상 제동 없어,2024/07/18
114,8,[포토뉴스] 홍천 양지두부촌 (사)이웃에 장학금 기부,2024/07/18
114,9,폭우에 와르르…홍천군청 옹벽도 붕괴,2024/07/18
114,10,"홍천군, 여름 휴가철 수산물 원산지 표시 특별단속 실시",2024/07/18
115,1,"육동한 춘천시장, 첨단바이오 도시 조성…""한국판 보스턴 바이오클러스터 만들 터""",2024/07/18
115,2,홍천 캠핑장 출입로 폭우로 '침수'…고립 야영객 등 6명 무사 구조,2024/07/18
115,3,"홍천군의회, 제350회 임시회 제4차 본회의",2024/07/18
115,4,"홍천군, IoT 대기환경 측정기기 부착 지원",2024/07/18
115,5,중부지방 산사태 위기경보 '심각' 발령… 집중호우에 비 피해 속출[영상],2024/07/18
115,6,"육동한 춘천시장 “춘천·홍천 바이오 특화단지, 한국판 보스턴 바이오클러스터”",2024/07/18
115,7,"육동한 춘천시장, “한국판 보스턴 바이오클러스터 조성”",2024/07/18
115,8,강원도 장마대비 '비상대응 2단계 가동',2024/07/18
115,9,'400㎜' 물폭탄에 도로 붕괴…강원 영서 피해 속출,2024/07/18
115,10,강원 횡성 오산교 홍수주의보 발령…범람 사고 유의,2024/07/18
116,1,홍천군 국내 유일 홍천 K-홉 활용 그린홉스 페스타 개최,2024/07/18
116,2,"홍천군, 2024년 사물 인터넷(IoT) 측정기기 부착 지원",2024/07/18
116,3,"(재)홍천문화재단, 기획전시 ‘여름 숲속의 기억’ 개최",2024/07/18
116,4,"홍천군, 20일 ‘2024그린홉스 페스타’ 개최",2024/07/18
116,5,태백·정선·평창 등 강원 5곳 호우주의보… 원주 등 4곳 호우경보 유지,2024/07/18
116,6,강원 원주·횡성·홍천 호우경보…영월 호우주의보,2024/07/18
116,7,강원 영서북부 물폭탄...철원 동송 이틀새 329㎜,2024/07/18
116,8,'사흘간 350㎜' 강원 영서북부 물폭탄…내일까지 폭우 예보,2024/07/18
116,9,강원 춘천·홍천에 호우주의보 발효…철원 호우경보 유지,2024/07/18
116,10,폭우로 경춘선 한때 멈춰… 춘천·의암댐 수문 개방,2024/07/18
117,1,건설경기 침체로 지역경제 시름 “지자체 주도 살려야”,2024/07/18
117,2,명품 홍천 찰옥수수 농가의 땀방울로 무럭무럭,2024/07/18
117,3,200년 빈도라더니…수도권 덮친 '시간당 100㎜' 폭우 또 온다,2024/07/17
117,4,"그치지 않는 `수도권 폭우`, 파주엔 342.5㎜…곳곳 침수 피해",2024/07/17
117,5,"수도권에도 폭우…기상청, 서울에 올해 첫 긴급 호우재난문자",2024/07/17
117,6,[동정] 이강명 홍천군 볼링협회장,2024/07/17
117,7,도내 주택 밀집지역 대형 건설현장 폭우 안전관리 대책 시급…주민 안전 위협,2024/07/17
117,8,"외통위, 대북정책 공방…여 ""핵무장해야"" vs 야 ""삐라 살포 금지""",2024/07/17
117,9,"홍천군의회, 제28회 홍천찰옥수수축제 사전 점검",2024/07/17
117,10,‘K-바이오클러스터의 시작’ - 2024 강원 바이오포럼 18일 개최,2024/07/17
118,1,"홍천소방서, 보리울오토캠핑장 고립 관광객 6명 구조",2024/07/17
118,2,춘천문화재단 “강원도민의 고립감 문화로 치유”,2024/07/17
118,3,강원 영서 140㎜ 폭우에 피해 속출…19일까지 많은 비,2024/07/17
118,4,폭우에 캠핑장 출입로 침수...야영객 등 6명 구조,2024/07/17
118,5,폭우에 홍천 캠핑장 출입로 침수 고립 야영객 등 6명 무사 구조,2024/07/17
118,6,홍천 캠핑장 진출입로 침수…고립된 6명 무사히 구조,2024/07/17
118,7,"홍천군의회, 제350회 임시회 제3차 본회의",2024/07/17
118,8,"[포토뉴스] 홍천군, 이재전 전원테크 대표 상공의 날 표창",2024/07/17
118,9,“재산세 납부하세요” 홍천군 59억 부과,2024/07/17
118,10,"홍천군, 상공인의 날 맞아 유공자 포상 전수",2024/07/17
119,1,"윤장훈 춘천 대원당 대표, 홍천군 고향사랑기부제 동참",2024/07/17
119,2,강원 영서북부 호우주의보 발효…나무 쓰러지고 하천 범람[영상],2024/07/17
119,3,"[포토뉴스] 홍천군, 두촌면 213호선 터널 공사 현장 점검",2024/07/17
119,4,홍천 찰옥수수축제 19일 개막,2024/07/17
119,5,강원서 밤새 고속도로 곳곳서 '꽝꽝꽝'…7명 중경상,2024/07/17
119,6,명품 홍천 찰옥수수 출하 임박...오는 19일부터 3일간 축제 개최,2024/07/17
119,7,"홍천군 남면건강증진형보건지소, ‘남면, 요리남’ 영양교육 프로그램 수료식",2024/07/17
119,8,"홍천군, 제28회 홍천 찰옥수수 축제 ‘출하 준비’ 완료!",2024/07/17
119,9,"홍천군, 7월 재산세 59억 원 부과",2024/07/17
119,10,강원 춘천·홍천에 호우주의보…철원·화천 유지,2024/07/17
120,1,국내 최초 홍천 친환경에너지타운 노후화로 활용도 ‘뚝’,2024/07/17
120,2,"홍천군-강원대, 협약 체결 홉 산업 발전 가속화",2024/07/17
120,3,[비바 2080] 우리 고향 100세 지원책 … ‘100원 김제 행복콜택시’ 운항지 확대,2024/07/17
120,4,돈 요구 거절에 현관문 부순 50대 징역형 집행유예,2024/07/16
120,5,[의정소식] 홍천군의회 2024년7월16일,2024/07/16
120,6,"강원 송전탑 반대단체, 사업 취소 행정소송 제기",2024/07/16
120,7,춘천 철도 공사장서 화재… 10분만에 진화,2024/07/16
120,8,“강원 홍천서 찰옥수수 먹고 맥주 한잔해요”,2024/07/16
120,9,"홍천군 (사)이웃, 한여름에도 따뜻함을 나눈다",2024/07/16
120,10,"국제로타리 3730지구 홍천로타리클럽, 홍천군 화촌면에 이웃돕기 성품 기탁",2024/07/16
121,1,"홍천군보건소, 흡연·음주문화 개선 교육 실시",2024/07/16
121,2,"홍천군, 제28회 홍천찰옥수수축제 개최",2024/07/16
121,3,[동정]홍성기 도의원,2024/07/16
121,4,"홍천군의회, 제350회 임시회 제2차 본회의",2024/07/16
121,5,‘홍천 홉’ 가공식품 개발 관·학 협력 가동,2024/07/16
121,6,"홍천교육지원청, 학생 공부방 개선 지원에 나서",2024/07/16
121,7,"홍천군, 서면 반곡리 마을 어르신들께 삼계탕 대접",2024/07/16
121,8,"홍천군, 군정 소식지 ‘내고장 홍천소식’ 잡지로 새 단장",2024/07/16
121,9,"홍천군, 강원대와 ‘홉 산업 발전 협약’ 체결",2024/07/16
121,10,홍천군 소식지 ‘내고장 홍천소식’ 잡지 형식으로 새 단장,2024/07/16
122,1,"""신나는 여름축제 즐기며 더위 잊으세요""",2024/07/16
122,2,국내 유일 토종 '홍천 K-홉' 저변 넓힌다,2024/07/16
122,3,"“전원개발사업, 지방정부 역할·권한 규정 모호”",2024/07/15
122,4,"농관원 강원지원, 강원지역 민간재고 벼 1420t 정부 매입검사 실시",2024/07/15
122,5,“홍천강 물놀이 인명 사고 제로” 군·경·소방 합동 점검,2024/07/15
122,6,[포토뉴스] 홍천 국가유공자 초청 삼계탕 나눔 행사,2024/07/15
122,7,"홍천군 <남다른 면, 요리하는 남자> 프로그램 수료식",2024/07/15
122,8,"홍천군, 신규농업인 육성 영농기초교육",2024/07/15
122,9,"홍천군, 유관기관 합동 물놀이 안전점검 및 캠페인",2024/07/15
122,10,"홍천군노인복지관 만원의 힘 후원회, 초복 ‘건강꾸러미 100개 나눔’ 행사",2024/07/15
123,1,[포토뉴스] 최우홍 제31대 홍천부군수 취임,2024/07/15
123,2,서울양양고속도로서 단독 사고…2명 중상,2024/07/15
123,3,"홍천군, 두촌면 실종자 수색 관련 유공기관 직원 표창",2024/07/15
123,4,"홍천군, 제31대 최우홍 홍천부군수 취임",2024/07/15
123,5,"신영재 홍천군수, 국가유공자 초청 ‘사랑의 삼계탕 나눔행사’ 참석",2024/07/15
123,6,"홍천군, 두촌면 원동리 실종자 수색 관련 유공기관 직원 표창",2024/07/15
123,7,"홍천군, 춘천시와 공동협력사업 추진",2024/07/15
123,8,홍천 서울양양고속도로서 승용차 보호난간 들이 받아 '2명 중상',2024/07/15
123,9,홍천 서울양양고속도로서 SUV가 화단경계석 충격…2명 중상,2024/07/15
123,10,"홍천여성의용소방대, 여름철 물놀이 안전 캠페인",2024/07/15
124,1,춘천·홍천 바이오 특화단지 구축 힘 모은다,2024/07/15
124,2,홍천 밭에서 수류탄 발견…군부대 해체 작업 후 수거,2024/07/15
124,3,홍천 찰옥수수 축제 19일 개막 “배달 서비스 이용하세요”,2024/07/15
124,4,‘만기때 최대 3천만원’ 홍천형 일자리 안심 공제 추진,2024/07/15
124,5,"NH농협은행, '2024 글로벌 유소년 농구 슈퍼컵 in 포천' 개막식",2024/07/14
124,6,"강원 홍천 밭에서 수류탄 발견...""폭발 위험 없어""",2024/07/14
124,7,"“동반 성장” 춘천시-홍천군, ‘산업·교통·생활 분야’ 광범위 협력",2024/07/14
124,8,[포토뉴스] 홍천군 ‘실종 노인 발견’ 강원경찰청 수색견 볼트 포상,2024/07/14
124,9,"강원 홍천 밭에서 수류탄 발견...""폭발 위험 없어""",2024/07/14
124,10,"NH농협은행, 포천 '글로벌 유소년 농구대회' 개막식 개최",2024/07/14
125,1,홍천 밭에서 수류탄 발견… 군부대 해체 작업 후 수거,2024/07/14
125,2,피고 지고 또 피는 '무궁화' 끈기의 상징으로 '겨레의 꽃' 되다,2024/07/14
125,3,실종자 구조 체취증거견 '볼트' 포상식,2024/07/14
125,4,"홍천군자원봉사센터, 85봉사단 협력 집수리봉사활동",2024/07/14
125,5,"홍천군청소년수련관, 가족소통향상 ‘온맘캠프’ 진행",2024/07/14
125,6,지적측량 중 개인 소유 나무들 ‘콰직’… “다른 인물 범행 가능성” 무죄,2024/07/14
125,7,[포토뉴스] 홍천 나누미봉사단·영귀미면 행정복지센터 집수리 봉사,2024/07/14
125,8,홍천보건소 ‘갱년기 증상’ 중년층 건강 프로그램 운영,2024/07/14
125,9,"농협은행, 풀뿌리 농구 후원...'유소년 슈퍼컵 in 포천' 개막",2024/07/14
125,10,"NH농협은행, '글로벌 유소년 농구 슈퍼컵 in 포천'",2024/07/14
126,1,"NH농협은행, 글로벌 유소년 농구 개막",2024/07/14
126,2,지적측량 업무 중 '나무 훼손범' 몰린 공공기관 직원들 혐의 벗어,2024/07/13
126,3,"춘천시, 홍천군과 ‘협력 성공 동반’ 주요 현안 협의",2024/07/12
126,4,"홍천군보건소, 중년층 건강증진 프로그램 ‘나의 두 번째 청춘’ 운영",2024/07/12
126,5,"홍천미술관, 故 주재현 30주기 특별전《재히어니, 나는 죽었다》전국 5개 도시 순회전 개최",2024/07/12
126,6,"홍천나누미봉사단, 참전유공자가구 주거환경개선 봉사활동",2024/07/12
126,7,"홍천군, 반값 농자재 지원에 300억 원 투입",2024/07/12
126,8,"돈 요구 거절에 현관문 부수고 ""내 집"" 주장 50대 징역형",2024/07/12
126,9,홍천지역 근로자 대상 일자리 안심 공제사업 진행,2024/07/12
126,10,"홍천군 자율방재단, 폭염 대비 무더위쉼터 점검실시",2024/07/12
127,1,"㈜월드케미칼 직원들, 2년 연속 홍천군에 고향사랑기부 동참",2024/07/12
127,2,"홍천홉 생산 농가, 일본 방문 선진 재배법 익혀",2024/07/12
127,3,"홍천군, 일자리 안심 공제사업 근로자에게 최대 ‘1천 2백만 원’ 지원",2024/07/12
127,4,강원 인제·양구 폭염주의보…춘천·원주 등 6곳 유지,2024/07/12
127,5,[오늘 아침 신문] 노인 인구 1000만 돌파‥인생 시계도 늦춰진다,2024/07/12
127,6,"""전기 없는 반도체공장""...622조 클러스터 멈추나",2024/07/12
127,7,"태백시 탄소중립과, 강원도 규제혁신 우수사례 최우수",2024/07/12
127,8,"강원도장애인체육회 ""장애 청소년 동계스포츠 꿈 지원""",2024/07/12
127,9,홍천 실종자 무사생환 도운 경찰구조견 포상 받는다,2024/07/12
127,10,[이슈현장] 홍천 사사자 삼층석탑 오염 보존관리 시급,2024/07/12
128,1,홍천 구도심 상권 침체 가속… 야시장·온라인 판매 시도,2024/07/12
128,2,‘홍천국가항체클러스터’ 국내 최대 바이오 박람회서 주목,2024/07/11
128,3,"""삭막한 홍천 원도심을 저탄소 녹색도시로"" [fn 이사람]",2024/07/11
128,4,빨라지는 고령화 시계…강원자치도 65세 이상 24.72%,2024/07/11
128,5,"강원특별자치도, 규제혁신 우수사례 경진대회",2024/07/11
128,6,"강원특별자치도, 철원 지역 말라리아 경보 발령",2024/07/11
128,7,[포토뉴스] 월드케미칼 홍천 무궁화 장학금 기탁,2024/07/11
128,8,"㈜월드케미칼(대표 박재희), 무궁화장학금 200만원 기탁",2024/07/11
128,9,"""삭막한 원도심을 저탄소 녹색도시로 재탄생시킬겁니다"" [fn이사람]",2024/07/11
128,10,홍천 ‘무인민원 발급기 외국어 지원 서비스’ 우수상,2024/07/11
129,1,"홍천군의회, 제350회 임시회 ‘9일간의 의사일정’ 돌입",2024/07/11
129,2,"""장애 청소년들에게 동계 스포츠 꿈을 심어줬다""",2024/07/11
129,3,"홍천군 서석면지역사회보장협의체, 초복 맞이 삼계탕 나눔",2024/07/11
129,4,"11기동사단, K-2 전차사격훈련 실시",2024/07/11
129,5,"홍천군노인복지관, 노인일자리·사회활동 지원사업 운영",2024/07/11
129,6,"홍천군, 강원도 규제혁신 우수사례 경진대회서 우수상 영예",2024/07/11
129,7,강원 원주·철원 폭염주의보…춘천 등 4곳 유지,2024/07/11
129,8,90대 실종자 찾은 경찰구조견 '볼트' 포상 받는다,2024/07/11
129,9,"홍천군, 여름철 ‘로컬푸드 행복장터’ 초대박 노린다!",2024/07/11
129,10,"홍천군, 바이오플러스-인터펙스 코리아 2024 참가",2024/07/11
130,1,"강원자치도, 2024년 규제혁신 우수사례 경진대회",2024/07/11
130,2,"홍천군, 강원자치도 규제혁신 우수사례 경진대회 우수상",2024/07/11
130,3,"홍천군자원봉사센터, 노후보일러 교체사업 전개",2024/07/11
130,4,강원 '대상 웰라움 홍천' 전용 84㎡ 타입 청약 마감,2024/07/11
130,5,"‘유소년 농구 슈퍼컵’, 5개월 만에 포천에서 2회 대회 개최",2024/07/11
130,6,"""바이오 창업 50개사 육성, 경제효과 3000억원 목표""",2024/07/11
130,7,[이슈현장] 홍천군의회 원구성 난항 의정활동 차질,2024/07/11
130,8,반값 농자재 예산 7배 투입한 홍천 ‘1석 2조 효과’,2024/07/11
130,9,강원·경북 일대 호우주의보 해제…춘천 폭염주의보 지속,2024/07/10
130,10,"홍천군, 내년도 지방소멸대응기금 확보 잰걸음",2024/07/10
131,1,태백 등 호우주의보,2024/07/10
131,2,[인사]강원특별자치도,2024/07/10
131,3,[포토뉴스]도의회 교육위원회 연찬회 개최,2024/07/10
131,4,"강원특별자치도의회, 교육위원회 연찬회 개최",2024/07/10
131,5,‘농촌 유학으로 인구 유입’ 홍천군 고향올래 공모사업 선정,2024/07/10
131,6,"홍천군 서면 새마을지회, 불우이웃돕기 성금 1백만 원 전달",2024/07/10
131,7,"홍천군, 고향올래 공모사업 ‘로컬유학’ 분야 선정",2024/07/10
131,8,"신영재 홍천군수, 국비 확보 위해 세종 청사 방문",2024/07/10
131,9,"신영재 홍천군수, 예산 확보 총력 ‘세종 중앙부처’ 방문",2024/07/10
131,10,[강원특별자치발전 전략토론회] 홍천 ‘철도 뚫린 바이오 도시’ 향해 박차,2024/07/10
132,1,"춘천시, 바이오산업 체계적 육성 근거 마련…산업 육성 및 지원 조례 공포·시행",2024/07/10
132,2,"홍천군농업기술센터, 2025년 농촌지도사업 발굴 세미나",2024/07/10
132,3,강원 춘천·횡성·화천·홍천 '폭염주의보' 발효,2024/07/10
132,4,"홍천군, 반값 농자재 지원사업 ‘300억 최대 규모’ 지원",2024/07/10
132,5,'고랭지 감자 역병' 지금 방제하세요,2024/07/10
132,6,'고향올래(GO鄕ALL來)' 공모사업에 홍천군 선정,2024/07/10
132,7,"100대 명산 4곳, 국내 최초 임도 보유 홍천… ‘산림관광’ 육성 시동",2024/07/10
132,8,"제천시청 체조팀, 제49회 KBS배 전국기계체조대회 5개 부문 수상",2024/07/10
132,9,1위에 신기록까지… 미래가 기대되는 제천시청 체조팀,2024/07/10
132,10,"홍천군농촌체험휴양마을협의회, 전국 최우수상",2024/07/09
133,1,도시민 사로잡은 홍천의 농촌 관광 콘텐츠는?,2024/07/09
133,2,[동정] 이규설 홍천군번영회장,2024/07/09
133,3,강원특별자치도민 수호하는 ‘베테랑’ 경찰·소방 수색견,2024/07/09
133,4,제천시청 체조선수단 전국대회 석권,2024/07/09
133,5,"제천시청 체조팀, 전국기계체조대회 5개 부문 입상",2024/07/09
133,6,강원 홍천 등 전국 12곳 '고향올래 사업' 선정됐다,2024/07/09
133,7,"강원관광재단, 지역 양조장과 함께 하는 캠핑관광 프로그램 운영",2024/07/09
133,8,"홍천군, 2024년 제2회 주민참여예산위원회 개최",2024/07/09
133,9,“고랭지 감자 역병 지금 방제하세요”,2024/07/09
133,10,"홍천군농촌체험휴양마을협의회, 도농 교류의 날 행사 우수 활동 부스 전국 최우수상 쾌거",2024/07/09
134,1,"홍천군 남면건강플러스마을위원회, 구강보건사업 심층 면담",2024/07/09
134,2,"새로이시스템 임영석 대표, 홍천군 고향사랑기부금 100만원 기부",2024/07/09
134,3,"홍천군, 중앙시장 급배기 장치 준공식",2024/07/09
134,4,"강원관광재단, 지역 양조장 연계 캠핑관광 ‘헤롱헤롱 캠핑일기’ 프로그램",2024/07/09
134,5,강원관광재단 지역 양조장과 캠핑관광 프로그램 개최,2024/07/09
134,6,전국 최고 품질 홍천찰옥수수 축제 오는 19일 개막,2024/07/09
134,7,"(재)홍천문화재단, 기획전시 ‘여름 숲 속의 기억’ 개최",2024/07/09
134,8,제28회 홍천찰옥수수 축제 19일 개막... “전국 최고의 옥수수를 가려라!”,2024/07/09
134,9,"제천시청 체조팀, 제49회 KBS배 전국기계체조대회 5개 부문 수상",2024/07/09
134,10,"제천시청 체조팀, 제49회 KBS배 전국기계체조대회 5개 부문 수상",2024/07/09
135,1,"홍천군, 올해 청년 일자리 근속장려금 2차 대상자 모집",2024/07/09
135,2,"제천시청 체조선수단, KBS배 전국기계체조대회 입상",2024/07/09
135,3,"홍천군농촌체험휴양마을협, 도농교류 행사서 전국 최우수상 수상",2024/07/09
135,4,홍천군가족센터 '이주배경 가정' 조명 사진전,2024/07/09
135,5,매년 침수·고립 반복되는 주민들…본격적인 장마에 올해도 걱정,2024/07/09
135,6,2024 도농교류의 날 기념행사 강원농촌관광 홍보,2024/07/09
135,7,진학·취업 위해 홍천 떠나는 20대 … “유출 방지책 필요”,2024/07/08
135,8,52㎜ 강한 장맛비에 피해 속출…9일에도 집중 호우 이어져,2024/07/08
135,9,집중호우에 강원 곳곳서 나무 쓰러지고 교통사고 잇따라 ,2024/07/08
135,10,홍천 중소기업 근무 청년들에게 최대 300만원 장려금,2024/07/08
136,1,"홍천군 화촌면지역사회보장협의체, 2024년 건강한 여름나기 물품 지원사업 전달식",2024/07/08
136,2,"글로벌쉐어 ""강원도 소외계층 나눔, 누적 10억원 달성""",2024/07/08
136,3,[포토뉴스]양양군·홍천군 조합운영협의회 개최,2024/07/08
136,4,"홍천군노인복지관, 노인맞춤돌봄서비스 사회관계 및 인지기능 향상 ‘어울림’",2024/07/08
136,5,"홍천군, 2024년 청년 일자리 근속장려금 2차 대상자 모집",2024/07/08
136,6,"홍천군, 안심식당 지정업소 운영실태 현장점검 실시",2024/07/08
136,7,"홍천군, 새로운 홍천 추진 위원회 회의 개최",2024/07/08
136,8,강원 홍천서 실종된 90대 노인 사흘만에 구조,2024/07/08
136,9,홍천중앙시장 ‘오픈 스튜디오’ 조성 추진,2024/07/08
136,10,"홍천나누미봉사단, 수타사 월인봉사단 생활·장수사진 촬영 봉사",2024/07/08
137,1,[오늘의 청약 일정] '행정중심복합도시63UR1' 통합공공임대 1순위 청약 등,2024/07/08
137,2,"홍천서 실종 90대 치매 노인, 수색견 ‘볼트’ 활약에 무사 귀가",2024/07/08
137,3,서울서 홍천 전통주 우수성 알렸다,2024/07/08
137,4,홍천 90대 실종자 자택 인근 야산서 4일 만에 구조,2024/07/08
137,5,[알립니다]‘K-바이오클러스터의 시작’ 강원 바이오 포럼,2024/07/08
137,6,[피플&피플]20여년간 지역사회 나눔 실천 전국적 모범사례 인정,2024/07/08
137,7,부평 관광명소 일일투어… 다문화·청소년·군인 대상,2024/07/08
137,8,번개 치고 폭우 내린 충청·강원…고속도로서 차 미끄러지기도,2024/07/07
137,9,"홍천군, 인천 부평구 교류 프로그램 참가 초등생 모집",2024/07/07
137,10,홍천 90대 노인 실종 사흘 만에 무사 구조,2024/07/07
138,1,잣·산양삼·오미자로 만든 ‘홍천 전통술’ 박람회서 인기 만점,2024/07/07
138,2,홍천 실종 90대 노인 무사 구조… ‘볼트’가 찾았다,2024/07/07
138,3,드론 신호 보내자 수색견 실종자 발견… 사흘 만에 90대 노인 구조,2024/07/07
138,4,“4살 볼트가 또 찾았다”…실종된 90대 치매 노인 사흘 만에 구조,2024/07/07
138,5,[포토뉴스] 새로운 홍천추진위원회 정기회의,2024/07/07
138,6,"""도로 위 나무가 쓰러졌어요""… 강원 곳곳 비바람 피해 잇따라",2024/07/07
138,7,"강원특별자치도, 제2연평해전 영웅 고(故) 박동혁 병장 유가족 찾아 위로",2024/07/07
138,8,"도농교류 기념식·농촌여름휴가 페스티벌, 강원 농촌관광 홍보",2024/07/07
138,9,"홍천서 실종된 90대 노인, 사흘 만에 구조",2024/07/07
138,10,"강원도, 제2연평해전 영웅 고 박동혁 병장 유가족 찾아 위로",2024/07/07
139,1,홍천서 실종 90대 치매 노인 … 수색견 ‘볼트’ 발견 무사 귀가,2024/07/07
139,2,"한 총리, 예천 아프리카돼지열병에 긴급 방역 지시…올해만 4번째",2024/07/07
139,3,"""구조견이 찾았다"" 홍천 두촌면 실종자 수색 나흘만에 '무사 구조'",2024/07/07
139,4,[포토뉴스] 홍천군사회복지시설총연합회 유관기관 간담회,2024/07/07
139,5,[포토뉴스] 홍천군보건소 보건복지부 장관상 수상,2024/07/07
139,6,"홍천소방서, 두촌면 실종자 수색 4일차 무사 구조!",2024/07/07
139,7,"홍천소방서, 두촌면 실종자 4일차 수색 시작",2024/07/07
139,8,"강원자치도, 창의적 발상과 도전 ‘강원농촌관광’ 홍보",2024/07/07
139,9,동해 공설운동장 인근서 'BMW·모닝' 충돌…4명 중경상,2024/07/06
139,10,홍천군 두촌면 90대 여성 실종… 사흘째 수색중,2024/07/06
140,1,[분양 캘린더] 7월 둘째 주 '판교테크노밸리중흥S클래스' 등 6103가구 분양,2024/07/06
140,2,가평군수 “제2경춘국도 조기착공“…북부내륙권 행정협의회,2024/07/05
140,3,"김진태 지사 “고(故) 박동혁 병장 영원히 기억, 생활 속 보훈 실천”",2024/07/05
140,4,"무궁화양묘반 김문식씨, 홍천군 무궁화장학금 150만 원 기탁",2024/07/05
140,5,"이강목 강원농어촌체험휴양마을협의회장, 농촌발전유공 국무총리 표창 수상",2024/07/05
140,6,"홍천군보건소, 2024년 지역사회 통합건강증진사업 평가 2년 연속 ‘우수지자체’ 선정",2024/07/05
140,7,"부평구, 2024 ‘원데이 부평 한바퀴 관광투어’ 진행",2024/07/05
140,8,"강원 홍천지역 전통주, 서울국제주류박람회서 인기몰이",2024/07/05
140,9,"홍천 전통주, 서울국제주류박람회 인기몰이",2024/07/05
140,10,"신영재 홍천군수, 제59회 강원자치도민체육대회 홍천군 선수단 해단식 참석",2024/07/05
141,1,"홍천군 전통주, 서울국제주류박람회에서 인기몰이",2024/07/05
141,2,"홍천군, 시내버스 서비스 개선…“만족도 제고”",2024/07/05
141,3,홍천 산림자원 활성화 모색…국내 1호 임도서 도보행사 개최,2024/07/05
141,4,술자리서 말다툼 하다 지인 살해 60대 중형,2024/07/05
141,5,[사설] 동학기념사업 조례 발의 '환영',2024/07/05
141,6,"홍천중앙시장, 빈 점포 활용 온라인 판매 시도",2024/07/04
141,7,술에 취해 지인 살해한 60대 징역 10년,2024/07/04
141,8,"북부내륙권 7개 시·군, 바이오 특화단지 성공 공동 협력 약속",2024/07/04
141,9,"“우울, 불안 느끼면 마음투자 지원사업 신청 하세요”",2024/07/04
141,10,과천 228.5대 1 vs 지방 미분양… 하반기 첫주 청약시장 '극과 극',2024/07/04
142,1,"[포토뉴스] 농협, 홍천서 ‘축산 농장 벽화 그리기’",2024/07/04
142,2,홍천 갈마곡리 일원에 공영 노외 주차장 조성,2024/07/04
142,3,"홍천군, 공영노외주차장(갈마곡리 474번지 일원) 조성사업 시행",2024/07/04
142,4,춘천 하이엔드 카라반 캠핑장 ‘엔더스뷰’ 오픈,2024/07/04
142,5,분양가·전셋값 상승에... 청약도 매매도 들썩이는 수도권,2024/07/04
142,6,공공근로 일자리로 말다툼 하다 지인 살해한 60대 징역 10년,2024/07/04
142,7,술 마시고 다투다 '욱' 홍천서 지인 살해한 60대 중형,2024/07/04
142,8,지자체 IDC 프로젝트 28개…강원도 압도적,2024/07/04
142,9,"에이치에스네이처, 강원도 춘천 하이엔드 카라반 캠핑장 '엔더스뷰' 오픈",2024/07/04
142,10,"홍천군, 전통시장 판로 확대위해 오픈스튜디오 운영",2024/07/04
143,1,"홍천군, 토양오염 실태조사 실시",2024/07/04
143,2,"홍천군, 2024년 어린이 도시문화체험 교류 참가자 모집",2024/07/04
143,3,"홍천군청소년수련관, 청소년유해환경감시단 활동",2024/07/04
143,4,홍천군 반값농자재 사업 지역농가 '호응',2024/07/04
143,5,[동정]나기호 홍천군의원,2024/07/04
143,6,"바이오 국가첨단 특화단지 유치, 산·학·연·관 ‘팀 강원’ 성과 돋보였다",2024/07/03
143,7,"무궁화 도시 홍천 ""독도 수호, 홍천 철도 조기착공"" 한마음",2024/07/03
143,8,미술관·다방·빵집 … 골프장 '부캐' 전쟁,2024/07/03
143,9,당좌거래정지 7월 3일,2024/07/03
143,10,"홍천군청소년수련관, ‘무궁화 액자 만들기 2회기’ 진행",2024/07/03
144,1,"홍천군노인복지관, 어르신 병원 동행서비스 업무협약",2024/07/03
144,2,홍천군-(재)강원테크노파크 홍천도시첨단산업단지 위탁 관리 협약,2024/07/03
144,3,"홍천군, 전국민 마음투자 지원사업 시행",2024/07/03
144,4,"홍천군, 민방위시설 특별점검 실시",2024/07/03
144,5,"홍천군, 올해 농업인 수당 19일까지 지급",2024/07/03
144,6,"홍천군, 강원TP와 도시첨단산업단지 위탁관리 협약 체결",2024/07/03
144,7,"홍천군, 7월부터 ‘전국민 마음투자 지원 사업’ 시행",2024/07/03
144,8,"홍천군, 도시첨단산업단지 위탁관리 협약 체결",2024/07/03
144,9,"홍천군청소년수련관, 홍천 허그인 아동·청소년 후원회와 ‘아이조아 체육교실’ 운영",2024/07/03
144,10,[동정]이광재 홍천군의원,2024/07/03
145,1,[이슈현장] 산주 모르게 '1만 그루 싹둑' 산림 벌채 물의,2024/07/03
145,2,전명준 범죄예방위원 춘천지역협의회장 국민포장 수상,2024/07/03
145,3,통폐합 위기 홍천 일반계고… ‘바이오 특성화’ 돌파구,2024/07/03
145,4,"[간추린 소식] 강원, 비 피해 4건…교통사고·나무 전도 외",2024/07/02
145,5,"사라져가는 강원 소재 터미널, 지역민들 기억 조각 모아보니",2024/07/02
145,6,홍천군 2023년 수돗물 품질 보고서 발간,2024/07/02
145,7,홍천군 2024 농업인 수당 지급,2024/07/02
145,8,"홍천군노인복지관, <베테랑 교실> 2기 활동 진행",2024/07/02
145,9,[포토뉴스]민주평화통일 홍천군협의회 독도방문 캠페인,2024/07/02
145,10,"홍천군, 여름철 수인성·식품매개감염병 예방수칙 홍보",2024/07/02
146,1,"홍천군, 물놀이 안전시설 전수점검 실시",2024/07/02
146,2,"속초 70대, 도지사배 동호인 축구대회 우승",2024/07/02
146,3,춘천·철원·화천·홍천 호우주의보 발효… 원주 등 3곳 유지,2024/07/02
146,4,"홍천군, 8186농가에 가구당 70만원씩 농업인 수당 지급",2024/07/02
146,5,"홍천군, ‘2023년 수돗물 품질보고서’ 발간",2024/07/02
146,6,"홍천군, 온-나라 문서 2.0으로 시스템 전환",2024/07/02
146,7,[오늘의 청약 일정] ' 마포자이힐스테이트라첼스' 1순위 청약 등,2024/07/02
146,8,"""온라인 절차 복잡"" 지방보조금 전산화 고령농업인 난감",2024/07/02
146,9,"“삶의 이정표 정해진 한국 사회, ‘韓 히키코모리’ 만들었다”",2024/07/02
146,10,"홍천군 농어촌버스 '더 편하게, 더 안전하게'",2024/07/01
147,1,홍천에 항체산업클러스터 생기니 20~40대가 돌아왔다,2024/07/01
147,2,은둔 청년 이해하려 스스로 독방에 갇힌 부모... 英BBC가 조명한 한국 실태,2024/07/01
147,3,홍천 ‘중앙하이츠 스카이뷰45’ 분양…초고층 랜드마크로 조성,2024/07/01
147,4,"""은둔형 외톨이 자녀 이해하려는 한국 부모들, 감금 체험도 자처""",2024/07/01
147,5,"""연간 매출 1조 넘는 신약 개발""… 글로벌 바이오 산업 거점 꿈꾸는 지자체들",2024/07/01
147,6,"애홍회, 홍천군 취약계층 집 청소봉사",2024/07/01
147,7,예술의전당에 나무집 세운 까닭은…내촌목공소 첫 전시 외,2024/07/01
147,8,"홍천군, 마을 25곳에 버스 도착시간 실시간 제공",2024/07/01
147,9,'본격 장마 시작' 강원 영서 2일부터 100㎜ 이상 폭우,2024/07/01
147,10,"홍천군, 농어촌버스 편의성·접근성 개선 강화",2024/07/01
148,1,"인제군, 드림스타트 문화체험 프로그램「아쿠아 드림패밀리」추진",2024/07/01
148,2,"비발디파크 오션월드, DJ페스타-스페셜짐 등 '2024 써머 페스타' 진행",2024/07/01
148,3,"홍천군 <농어촌버스, 더 편하게, 더 안전하게!>",2024/07/01
148,4,'인사이드 아웃2' 누적 관객 563만 명…'핸섬가이즈' 2위 역주행,2024/07/01
148,5,"[대한민국 행정·의회박람회] 시군별 특색 넘치는 정책, 주요 관광지 소개",2024/07/01
148,6,"윤, 이달 순차 개각 예고…강원 출신 장·차관 발탁 촉각",2024/07/01
148,7,"“저를 감금해주세요”…자녀 위해 나선 학부모들, 무슨 사연이",2024/07/01
148,8,"홍천군, 계절근로자 체류기간 연장 접수 “최대 3개월 가능”",2024/07/01
148,9,홍천 “바이오 특화단지 유치 이어 ‘철도 시대’ 열자”,2024/07/01
148,10,[포토뉴스] 홍천노인회 사회서비스형 소양 및 직무교육,2024/07/01
149,1,"바이오 특화단지 강원, 글로벌 연구 거점 ‘바이멕(BIMEC)’ 설립 박차",2024/07/01
149,2,[민선 8기 반환점-강원경제 성과와 과제]기업하기 좋은 환경 조성해야,2024/07/01
149,3,"英 BBC, 은둔형 외톨이 자녀 둔 한국 부모들 조명",2024/06/30
149,4,강원지역 123㎜ 물폭탄…토사 유출·하천 범람 등 피해 잇따라,2024/06/30
149,5,"""한국의 '행복공장'에서 부모들이 스스로를 감방에 가두는 이유는""",2024/06/30
149,6,"""'은둔형 외톨이' 자녀 이해하려는 韓부모들 '감금 체험' 자처""",2024/06/30
149,7,"강원 관광객 전월 대비 증가, 전년 대비 감소",2024/06/30
149,8,공덕동에 1000가구 대단지 나온다···전국 7024가구 청약 접수,2024/06/30
149,9,“집 앞이 피서지”…강원 도심 물놀이장 ‘풍덩’,2024/06/30
149,10,"홍천군, 외국인 계절근로자 체류기간 연장 접수",2024/06/30
150,1,[분양캘린더] 고양장항카이브유보라·과천디에트로 등 전국 9754가구 분양,2024/06/29
150,2,강원 홍천서 발견된 6·25 전사자 신원 확인,2024/06/29
150,3,"""샤워하고 머리 말리고 있는데"" 한혜진, '사생활 침해' 호소",2024/06/29
150,4,홍천 “바이오 특화단지 유치 이어 ‘철도 시대’ 열자”,2024/06/29
150,5,"7월 첫째주, 공덕동 첫 1000가구 대단지 등장… 전국 7024가구 청약 접수 예정",2024/06/28
150,6,민주당 홍천군의원들 “현 의장 선거 불출마 요구”,2024/06/28
150,7,"홍천군노인복지관, 청춘 교실 이용자·이용자 가족 간담회",2024/06/28
150,8,20살에 전사한 6·25 참전용사 73년 만에 가족 품으로,2024/06/28
150,9,"한혜진 ""샤워하고 나왔는데 4명 무단침입…얼어 있었다""",2024/06/28
150,10,"오흥수 부군수, 무궁화 장학금 300만원 기탁",2024/06/28
151,1,"홍천군노인복지관, 어르신 병원동행 서비스 개시",2024/06/28
151,2,"“새 시대의 시작, 개혁의 길”… 정권 창출 의지 다진 개혁신당",2024/06/28
151,3,"대한노인회 홍천군지회, 노인일자리 사회서비스형 소양 및 직무교육",2024/06/28
151,4,"""오빠 갔다 올게""...휴가 중 참전 황정갑 하사 73년 만에 가족 품으로",2024/06/28
151,5,"강원자치도, 자연 속에서 ‘체험형 힐링 관광지’ 인기",2024/06/28
151,6,"""샤워하고 나왔더니 4명이 마당에""… 한혜진, 별장 무단침입 피해에 울타리 설치",2024/06/28
151,7,"18세 입대한 6·25 전사자, 70여년 만에 가족품으로",2024/06/28
151,8,"‘호국영웅’ 황정갑 중사, 70여년만에 가족품으로",2024/06/28
151,9,전쟁나자 “오빠 다녀올게” 떠났던 6·25 전사자…유해 발굴 16년 만에 신원 확인,2024/06/28
151,10,"화순군, 국가첨단전략산업 바이오 특화단지 최종 확정",2024/06/28
152,1,6·25전쟁 전사자 유해 234번째 신원 확인…황정갑 일등중사,2024/06/28
152,2,6·25 홍천 부근 전투서 전사한 황정갑 하사 73년 만에 귀환,2024/06/28
152,3,"오흥수 홍천부군수, 31년 공직생활 마무리",2024/06/28
152,4,"홍천군, 사업장 근로자 대상 특수건강진단 실시",2024/06/28
152,5,"홍천군, 안전상비의약품 판매업소 편의점(24시운영) 7개소에 자동심장충격기(AED) 설치",2024/06/28
152,6,"홍천군, 제4기 귀농귀촌학교 운영",2024/06/28
152,7,"홍천군, 장마철 대비 가축분뇨 불법배출 점검 실시",2024/06/28
152,8,"홍천군, 외국인 계절근로자 체류기간 연장 접수 시작",2024/06/28
152,9,‘춘천·홍천 국가바이오산단지’ 선정…‘K-바이오’ 도약,2024/06/28
152,10,폭염·폭우에 가축 질병 걸릴라… 동물의료지원단 운영,2024/06/28
153,1,강원 홍천 하천에 레미콘 추락...60대 운전자 숨져,2024/06/28
153,2,홍천 도로공사현장 레미콘차량 추락 60대 운전자 구조,2024/06/28
153,3,오흥수 홍천 부군수 30년 공직 마무리,2024/06/28
153,4,홍천군 '바이오 특화단지' 선정 환영…국가항체클러스터 탄력,2024/06/28
153,5,5조원 규모 생산·부가가치 유발효과 기대,2024/06/28
153,6,북한 대남 오물 풍선 신고 잇따라…강원 이틀간 8건,2024/06/27
153,7,춘천·홍천 ‘국가바이오산업단지’ 선정…‘K-바이오’ 도약,2024/06/27
153,8,이 시각 소방청 상황실,2024/06/27
153,9,"홍천군, “바이오 특화단지 선정으로 홍천국가항체클러스터 사업 탄력”",2024/06/27
153,10,바이오 특화단지 춘천-홍천 전국 주목…기업 이주 탄력 기대,2024/06/27
154,1,"홍천 신장대리, ‘다시신장’ 개소…도시재생 공간",2024/06/27
154,2,"홍천, 레미콘 차량 추락…60대 운전자 숨져",2024/06/27
154,3,춘천·홍천 ‘국가바이오산업단지’ 선정…‘K-바이오’ 도약,2024/06/27
154,4,홍천서 작업 중 지반 무너져 레미콘 하천 추락…60대 사망,2024/06/27
154,5,"한달 간 두번 용산 찾은 김진태 지사, 바이오 ‘올인’ 결실",2024/06/27
154,6,구도심 낡은 건물이 마을 카페로 … 홍천 ‘다시 신장’ 문 열어,2024/06/27
154,7,여야 4대4 홍천군의회 후반기 의장단 주목 … “협치 늘려야”,2024/06/27
154,8,오흥수 30대 홍천부군수 28일 이임… “고향 발전 응원”,2024/06/27
154,9,홍천군 미래성장추진단장에 장용기 … 하반기 전보 인사 단행,2024/06/27
154,10,춘천·홍천 ‘국가바이오산업단지’ 선정…‘K-바이오’ 도약,2024/06/27
155,1,"개혁신당, 강원도서 워크숍… ‘2027 대선승리’ 다짐",2024/06/27
155,2,강원 공사 현장서 사고 잇따라…1명 사망·2명 중상[종합],2024/06/27
155,3,강원 정치권 “바이오 첨단전략산업 특화단지 선정 환영”,2024/06/27
155,4,"강원특별자치도, 춘천+홍천 바이오 특화단지 유치 성공",2024/06/27
155,5,"강원, 바이오산업 ‘게임체인저’ 급부상…국가첨단전략산업단지 유치",2024/06/27
155,6,홍천서 콘크리트 타설 중 레미콘차량 추락…운전자 사망,2024/06/27
155,7,"춘천·홍천 바이오 중심도시로…강원도, 바이오 특화단지 지정",2024/06/27
155,8,"“고성 산불 5년, 정부 여전한 소상공인 피해 보듬어야” 강원 시·군의회 한 목소리",2024/06/27
155,9,홍천군 <바이오 국가전략첨단산업 특화단지>최종 선정!,2024/06/27
155,10,강원자치도 <춘천+홍천 바이오 특화단지 유치> 성공!,2024/06/27
156,1,'대상 웰라움 홍천' 견본주택 오픈...7월2일 1순위 청약,2024/06/27
156,2,"허영 ""강원 바이오 첨단전략산업 특화단지 선정 환영""",2024/06/27
156,3,[포토뉴스] 육탄 11용사 제74주기 전승기념 및 합동추도식,2024/06/27
156,4,"허영 의원, “강원 바이오 첨단전략산업 특화단지 선정 환영”",2024/06/27
156,5,작업 중이던 레미콘 하천에 추락…60대 운전자 숨져,2024/06/27
156,6,홍천서 레미콘 하천 아래 추락…60대 운전자 숨져,2024/06/27
156,7,오죽하면 180보마다 감시카메라…국가정원 망친 '비양심 도둑들',2024/06/27
156,8,강원 홍천 하천에 레미콘 추락...60대 운전자 숨져,2024/06/27
156,9,"홍천군, 2024년 장애인 평생교육이용권 지원사업 이용자 모집",2024/06/27
156,10,홍천 팔봉리서 레미콘 차량 추락...운전자 심정지,2024/06/27
157,1,홍천서 작업 중 지반 무너져 레미콘 하천 추락…60대 심정지,2024/06/27
157,2,시흥시 '국가첨단전략산업 바이오 특화단지' 유치 확정,2024/06/27
157,3,"홍천소방서, 레미콘차량 추락사고 구호 조치",2024/06/27
157,4,오흥수 홍천부군수 퇴임,2024/06/27
157,5,"홍천군노인복지관, ‘바로 봄 선배시민 자원봉사단’ 친환경 교육 진행",2024/06/27
157,6,"홍천군노인복지관, (사)함께하는 사랑밭 후원 ‘보행보조기 20대’ 전달",2024/06/27
157,7,"홍천, ‘가리산휴양림’ 시설물 정비 완료",2024/06/27
157,8,한 달째 날아오는 오물풍선…국가중요시설도 피할 수 없어,2024/06/27
157,9,"홍천한우사랑말, 1050만원 상당 한우 이웃돕기 성품 기탁",2024/06/27
157,10,"홍천군, 제68회 ‘홍천 우리 꽃 연구회 야생화’ 전시회",2024/06/27
158,1,"홍천군, 도시재생 주민어울림공간 ‘다시신장’ 개소",2024/06/27
158,2,강원 곳곳 대남 '오물 풍선' 잔해 발견…사흘간 9건,2024/06/27
158,3,"홍천 최선호 지역 신규 분양, '대상 웰라움 홍천' 26일 견본주택 오픈",2024/06/27
158,4,[오늘의 정치일정] 6월 27일(목),2024/06/27
158,5,"""홍천지역 청년 위한 축제·공간 마련해야""",2024/06/27
158,6,홍천 가리산 자연휴양림 관리사무소 새단장,2024/06/27
158,7,"홍천, ‘가리산휴양림’ 시설물 정비 완료",2024/06/26
158,8,"강원, 북한 대남 오물 풍선 신고 7건",2024/06/26
158,9,"북한, 대남 오물풍선 사흘 연속 살포… 올 들어 일곱 번째",2024/06/26
158,10,북한 오물 풍선 다시 부양…경기북부 지역 상공 포착,2024/06/26
159,1,강릉 목계리서 트럭 간 정면 충돌 사고…3명 중경상,2024/06/26
159,2,독거 노인 건강 실시간 체크 ‘돌봄조끼’ 입혀드린다,2024/06/26
159,3,[동정] 이형주 대한노인회 홍천군지회장,2024/06/26
159,4,서울양양고속도로 4중 추돌…강원서 사건사고 잇따라,2024/06/26
159,5,'강·품·아' 청정구역 홍천에 선뵈는 새 아파트 '대상 웰라움 홍천' 분양 돌입,2024/06/26
159,6,"소노펫클럽앤리조트, 미혼모 반려가정 대상 리조트 체험 초청행사",2024/06/26
159,7,"홍천농촌문화터미널, ’24년 농촌 여름휴가 페스티벌 참여",2024/06/26
159,8,"신영재 홍천군수, 홍천군 청년단체 간담회 참석",2024/06/26
159,9,"홍천군, 농업인대학 정원관리사 28명 자격 취득",2024/06/26
159,10,"홍천군노인복지관, 원거리 지역 경로당 어르신 ‘이동복지관’ 프로그램",2024/06/26
160,1,홍천국악협회 <용문-홍천 광역철도 조기착공 염원 국악콘서트> 개최,2024/06/26
160,2,北 미사일 발사 직후 한미일 북핵대표 통화 “단호히 대응 공조”,2024/06/26
160,3,"홍천, 외국인 이탈률 ‘0%’…비결은 ‘소통’",2024/06/26
160,4,[포토뉴스] 홍천 사회단체 ‘행복나눔 인생사진 촬영’,2024/06/26
160,5,"군 ""北 오물풍선 100개 낙하""…대북 확성기 방송 여부는 고심중",2024/06/26
160,6,"홍천군 숲속마당협동조합, 찾아가는 약손 서비스",2024/06/26
160,7,"홍천군, 맞춤 돌봄서비스 '돌봄조끼' 본격 추진",2024/06/26
160,8,"홍천군 은혜회, 가정위탁아동 한부모가정 등 저소득 가구에 위문품 전달",2024/06/26
160,9,강원 춘천·홍천서 오물풍선 신고 4건 잇따라 접수,2024/06/26
160,10,"홍천읍지역사회보장협의체, 행복나눔 인생사진 촬영",2024/06/26
161,1,"홍천군, 2024년 다목적센터 합동 소방훈련",2024/06/26
161,2,"홍천군, (주)돌봄드림과 업무 협약 체결",2024/06/26
161,3,"합참 ""北 살포 오물풍선 250여개…급강하하면 위험""",2024/06/26
161,4,"군 ""어젯밤 살포한 北오물풍선 100여개 경기북부·서울 낙하""",2024/06/26
161,5,[국민의 기업] 맛도 좋고 몸에도 좋게~소비자 맞춤형 옥수수 생산·보급에 주력,2024/06/26
161,6,글로벌 운송 네트워크 활용… 세계로 뻗는 ‘희망의 날갯짓’,2024/06/26
161,7,헬스케어·천연물·항체… K바이오헬스 메카 꿈꾸는 강원,2024/06/26
161,8,서울양양고속도로 ‘홍천휴게소’ 명칭 변경 추진,2024/06/26
161,9,"홍천, 외국인 이탈률 ‘0％’…비결은 ‘소통’",2024/06/25
161,10,‘6·25 제74주년 기념식’ 잇따라…‘호국정신 기려’,2024/06/25
162,1,"홍천, 외국인 이탈률 ‘0%’…비결은 ‘소통’",2024/06/25
162,2,춘천~홍천 국도 확장 정부 본 심사 오른다…일괄 예타 반영,2024/06/25
162,3,[간추린 소식] 지자체 잉여금 지방채 상환 의무화…재정 관리 강화 외,2024/06/25
162,4,"홍천, 외국인 이탈률 ‘0%’…비결은 ‘소통’",2024/06/25
162,5,홍천 물놀이장 7월1일 개장…지난해 2만명 방문,2024/06/25
162,6,[포토뉴스] 춘천시 동산면-홍천군 북방면 고향사랑기부금 교차 기부,2024/06/25
162,7,"박현국 봉화군수, 남북9축 고속도로 추진협의회 회장에 선출",2024/06/25
162,8,홍천 가리산 자연휴양림 관리사무소 새단장,2024/06/25
162,9,"홍천군노인복지관, 치매 선별검사 및 전문 상담 진행",2024/06/25
162,10,‘100년 숙원 사업’ 홍천 철도 개통 염원 신명나는 한마당,2024/06/25
163,1,[포토뉴스] 홍천군 청년 단체 간담회,2024/06/25
163,2,"홍천소방서, 소방관 치유프로그램 및 청렴캠페인 실시",2024/06/25
163,3,"홍천군 북방면, 춘천시 동산면과 고향사랑기부금 교차 기부",2024/06/25
163,4,"홍천군, 농작물 병해충 진단 실습 워크숍 개최",2024/06/25
163,5,"홍천군, 2024년 공유재산 실무자 교육 실시",2024/06/25
163,6,"다문화·이주 가정 돕는다…보은군, 다국어 민원 발급기 설치",2024/06/25
163,7,[동정] 박유봉 홍천군산림조합장,2024/06/25
163,8,"강원춘천 강소연구개발특구, 지역 산업 생태계 '허브' 자리매김",2024/06/25
163,9,‘홍천휴게소’ 명칭 변경 설문조사…다음 달까지 2차례,2024/06/25
163,10,'여름철 관광명소' 홍천 물놀이장 7월 1일 개장,2024/06/25
164,1,"박현국 봉화군수, 남북9축 고속도로 추진협의회 회장 선출…""제3차 고속도로 건설 5개년 계획 반영에 힘쓸 것""",2024/06/25
164,2,"홍천군, 어족자원 보존 ‘뱀장어 종자’ 방류",2024/06/25
164,3,"홍천군, ‘쉽고 바른 공공언어 쓰기’ 직장교육 실시",2024/06/25
164,4,"홍천군, 가리산자연휴양림 관리사무소 준공식 개최",2024/06/25
164,5,[거버넌스워치] ‘마이웨이’…삼천리 이만득 회장 사위들의 면면,2024/06/25
164,6,[오늘의 청약 일정] '동작보라매역프리센트' 1순위 청약 접수 등,2024/06/25
164,7,국제병원 들어서자… ‘인구소멸 위기’ 가평 설악면 귀촌 늘었다 [대한민국 인구시계 ‘소멸 5분전’],2024/06/25
164,8,[천자춘추] 경기도의회에 SOS 외치다,2024/06/25
164,9,[제20회 도장애인 IT 경진대회 성료]강릉 권서우씨 강원랜드 대표이사상,2024/06/25
164,10,‘홍천휴게소’ 명칭 변경 설문조사…다음 달까지 2차례,2024/06/24
165,1,"경북 봉화군, 박현국 봉화군수, 남북9축 고속도로 추진협의회 회장에 선출",2024/06/24
165,2,"박현국 봉화군수, 남북 9축 고속도로 추진협의회장 선출",2024/06/24
165,3,"박현국 봉화군수, 남북9축 고속도로 추진협회장 선출",2024/06/24
165,4,‘치유농업’ 주민 일자리 창출 효과 톡톡 … 홍천 열목어 마을 가보니,2024/06/24
165,5,"영천 청년들, ' 강원도 홍천에서 '청년을 배우다'",2024/06/24
165,6,"박현국 봉화군수, 남북9축 고속도로 협의회 회장 선출",2024/06/24
165,7,"홍천군, 찰옥수수 활용 대표음식 개발 평가회 개최",2024/06/24
165,8,"“홍천휴게소, 특색 있는 새 이름 찾습니다”",2024/06/24
165,9,홍천 물놀이장 7월 1일 개장 … 수질 안전 만전,2024/06/24
165,10,[동정] 신영재 홍천군수,2024/06/24
166,1,"박현국 봉화군수, ‘남북9축 고속도로 추진협의회’ 회장 선출",2024/06/24
166,2,"홍천군노인복지관, 홍천군보건소 연계 어르신 혈압·혈당 수치 측정",2024/06/24
166,3,"박현국 봉화군수, 남북9축 고속도로 추진협의회 회장에 선출",2024/06/24
166,4,"박현국 봉화군수, 남북9축 고속도로 추진협의회 회장에 선출",2024/06/24
166,5,홍천 여름철 명소 물놀이장 내달 1일 개장,2024/06/24
166,6,"홍천군, 청렴한 공직문화 조성 ‘감성교육’ 실시",2024/06/24
166,7,"홍천 물놀이장, 7월 1일 전면개장!",2024/06/24
166,8,"홍천휴게소, 명칭 변경을 위한 설문조사(6.24~6.30)",2024/06/24
166,9,"홍천군청소년수련관, 오케스트라·축구 등 다양한 프로그램 인기",2024/06/24
166,10,[요즘에] 농촌의 보수적 의식과 귀농 선택,2024/06/24
167,1,[사설] 댐 주변 지원금 효율적 활용을,2024/06/24
167,2,원주서 오토바이-승용차 충돌 1명 사망,2024/06/24
167,3,전국 태권도 유망주 강원 홍천서 열흘간 한판 승부,2024/06/24
167,4,홍천의 ‘자녀 2명 이상 가정’ 위한 인센티브 무엇?,2024/06/24
167,5,"음성 금왕읍, 뚜레한우와 출산가정 지원 위해 협약체결",2024/06/23
167,6,"강원형 일자리 안심공제, “기업과 근로자 모두 만족”",2024/06/23
167,7,[포토뉴스] 홍천 민·관·경 합동 음주운전 예방 캠페인,2024/06/23
167,8,[포토뉴스] 홍천군 사랑의 헌혈 캠페인,2024/06/23
167,9,"홍천군, 사랑나눔 행복나눔 콘서트 ‘풍문으로 들었소’",2024/06/23
167,10,"홍천진로체험지원센터, <지역특화프로그램> 진로활동",2024/06/22
168,1,'인사이드 아웃2' 300만 관객 돌파…'하이재킹' 첫날 박스오피스 2위,2024/06/22
168,2,[분양 캘린더] 6월 넷째 주 '순천그랜드파크자이' 등 4691가구 분양,2024/06/22
168,3,"홍천군, ‘어버이 효 한마당’ 실버가요제 열려",2024/06/21
168,4,"신영재 홍천군수, 홍천군 ‘사랑의 헌혈캠페인’ 참석",2024/06/21
168,5,"홍천군, 제36회 경희대총장기 전국 남녀 태권도대회 개최",2024/06/21
168,6,"(사)한국예총홍천지회, 제3차 지부장 회의 개최",2024/06/21
168,7,"홍천군, 음주폐해 예방 ‘민･관･경 음주운전 근절’ 캠페인",2024/06/21
168,8,"홍천군, 2024년 다자녀가정 가족여행 참가자 모집",2024/06/21
168,9,"GS칼텍스, 다문화 교육기관 해밀학교에 1억 후원",2024/06/21
168,10,"GS칼텍스, 다문화 기관에 1억 전달",2024/06/21
169,1,"GS칼텍스, 해밀학교에 1억원",2024/06/21
169,2,양양 동산항 인근 바다에 빠진 60대 심정지,2024/06/21
169,3,홍천공대협 오늘 지역 난개발 전면 중단 기자회견,2024/06/21
169,4,"GS칼텍스, 다문화 교육기관 해밀학교에 후원금 1억원 전달",2024/06/21
170,1,"GS칼텍스, 해밀학교에 1억원",2024/06/21
170,2,양양 동산항 인근 바다에 빠진 60대 심정지,2024/06/21
170,3,홍천공대협 오늘 지역 난개발 전면 중단 기자회견,2024/06/21
170,4,"GS칼텍스, 다문화 교육기관 해밀학교에 후원금 1억원 전달",2024/06/21
171,1,"GS칼텍스, 해밀학교에 1억원",2024/06/21
171,2,양양 동산항 인근 바다에 빠진 60대 심정지,2024/06/21
171,3,홍천공대협 오늘 지역 난개발 전면 중단 기자회견,2024/06/21
171,4,"GS칼텍스, 다문화 교육기관 해밀학교에 후원금 1억원 전달",2024/06/21
172,1,"GS칼텍스, 해밀학교에 1억원",2024/06/21
172,2,양양 동산항 인근 바다에 빠진 60대 심정지,2024/06/21
172,3,홍천공대협 오늘 지역 난개발 전면 중단 기자회견,2024/06/21
172,4,"GS칼텍스, 다문화 교육기관 해밀학교에 후원금 1억원 전달",2024/06/21
173,1,"GS칼텍스, 해밀학교에 1억원",2024/06/21
173,2,양양 동산항 인근 바다에 빠진 60대 심정지,2024/06/21
173,3,홍천공대협 오늘 지역 난개발 전면 중단 기자회견,2024/06/21
173,4,"GS칼텍스, 다문화 교육기관 해밀학교에 후원금 1억원 전달",2024/06/21
174,1,"GS칼텍스, 해밀학교에 1억원",2024/06/21
174,2,양양 동산항 인근 바다에 빠진 60대 심정지,2024/06/21
174,3,홍천공대협 오늘 지역 난개발 전면 중단 기자회견,2024/06/21
174,4,"GS칼텍스, 다문화 교육기관 해밀학교에 후원금 1억원 전달",2024/06/21
175,1,"GS칼텍스, 해밀학교에 1억원",2024/06/21
175,2,양양 동산항 인근 바다에 빠진 60대 심정지,2024/06/21
175,3,홍천공대협 오늘 지역 난개발 전면 중단 기자회견,2024/06/21
175,4,"GS칼텍스, 다문화 교육기관 해밀학교에 후원금 1억원 전달",2024/06/21
176,1,"GS칼텍스, 해밀학교에 1억원",2024/06/21
176,2,양양 동산항 인근 바다에 빠진 60대 심정지,2024/06/21
176,3,홍천공대협 오늘 지역 난개발 전면 중단 기자회견,2024/06/21
176,4,"GS칼텍스, 다문화 교육기관 해밀학교에 후원금 1억원 전달",2024/06/21
177,1,"GS칼텍스, 해밀학교에 1억원",2024/06/21
177,2,양양 동산항 인근 바다에 빠진 60대 심정지,2024/06/21
177,3,홍천공대협 오늘 지역 난개발 전면 중단 기자회견,2024/06/21
177,4,"GS칼텍스, 다문화 교육기관 해밀학교에 후원금 1억원 전달",2024/06/21
178,1,"GS칼텍스, 해밀학교에 1억원",2024/06/21
178,2,양양 동산항 인근 바다에 빠진 60대 심정지,2024/06/21
178,3,홍천공대협 오늘 지역 난개발 전면 중단 기자회견,2024/06/21
178,4,"GS칼텍스, 다문화 교육기관 해밀학교에 후원금 1억원 전달",2024/06/21
179,1,"GS칼텍스, 해밀학교에 1억원",2024/06/21
179,2,양양 동산항 인근 바다에 빠진 60대 심정지,2024/06/21
179,3,홍천공대협 오늘 지역 난개발 전면 중단 기자회견,2024/06/21
179,4,"GS칼텍스, 다문화 교육기관 해밀학교에 후원금 1억원 전달",2024/06/21
180,1,"GS칼텍스, 해밀학교에 1억원",2024/06/21
180,2,양양 동산항 인근 바다에 빠진 60대 심정지,2024/06/21
180,3,홍천공대협 오늘 지역 난개발 전면 중단 기자회견,2024/06/21
180,4,"GS칼텍스, 다문화 교육기관 해밀학교에 후원금 1억원 전달",2024/06/21
181,1,"GS칼텍스, 해밀학교에 1억원",2024/06/21
181,2,양양 동산항 인근 바다에 빠진 60대 심정지,2024/06/21
181,3,홍천공대협 오늘 지역 난개발 전면 중단 기자회견,2024/06/21
181,4,"GS칼텍스, 다문화 교육기관 해밀학교에 후원금 1억원 전달",2024/06/21
182,1,"GS칼텍스, 해밀학교에 1억원",2024/06/21
182,2,양양 동산항 인근 바다에 빠진 60대 심정지,2024/06/21
182,3,홍천공대협 오늘 지역 난개발 전면 중단 기자회견,2024/06/21
182,4,"GS칼텍스, 다문화 교육기관 해밀학교에 후원금 1억원 전달",2024/06/21
